Food item name,Food group,Data source ,Data source 2,Method,Protein,TRP,THR,ILE,LEU,LYS,MET,CYS,PHE,TYR,VAL,ARG,HIS,Additional information,,,TRP,THR,ILE,LEU,LYS,MET,CYS,PHE,TYR,VAL,HIS,,TRP,THR,ILE,LEU,LYS,SAA,AAA,VAL,HIS,Additional information
,,,,,g/kg,Total IAA g/kg,,,,,,,,,,,,,,,Digestible IAA g/kg ,,,,,,,,,,,,Digestible IAA mg/g protein,,,,,,,,,
Barley (not hulless varieties),Cereal & cereal products,2,,Standardized Ileal,113,1.4,3.9,4.1,7.7,4.3,1.9,2.6,5.5,3.2,5.7,5.5,2.6,,,,1.1,2.9,3.3,6.4,3.2,1.6,2.2,4.6,2.7,4.6,2.1,,9.8,25.9,29.4,56.6,28.5,33.3,64,40.4,18.6,
"Barley, dehulled (11,8% protein)",Cereal & cereal products,7,,Standardized Ileal,118,1,3.4,3.9,7.3,3.9,1.7,2.3,5.5,2.7,5.3,5.1,2.5,Pocured from Siemer Enterprises Inc,,,0.8,2.4,3.0,5.8,2.9,1.3,1.8,4.5,2.1,4.1,2.0,,7.1,20.7,25.1,48.9,24.5,26.8,56,34.6,17.2,
Biscuits (CP>12%),Cereal & cereal products,"1,19",,Standardized Ileal,81,0.8,2.7,2.9,5.4,2,1.2,1.7,3.7,2.3,3.7,3.3,1.9,,,,0.7,2.5,2.7,4.9,1.8,1.1,1.5,3.3,2.2,3.3,1.8,,8.5,30.3,32.9,60.7,22.0,31.6,67,41.1,21.8,
Bread,Cereal & cereal products,"1,19",,Standardized Ileal,121,1.2,4,4.4,8,3,1.8,2.6,5.6,3.4,5.5,5,2.9,,,,1.1,3.6,4.0,7.4,2.8,1.7,2.3,4.9,3.2,5.0,2.7,,8.9,30.1,33.5,61.5,22.8,32.5,67,41.4,22.0,
Maize flour/Corn flour,Cereal & cereal products,1,,Standardized Ileal,76,0.5,2.7,2.6,9.2,2.2,1.6,1.7,3.7,2.8,3.7,3.6,2.3,,,,0.4,2.1,2.2,8.5,1.7,1.5,1.3,3.1,2.5,3.1,1.9,,5.1,27.0,29.4,111.4,22.0,37.0,74,41.4,25.4,
Maize/corn,Cereal & cereal products,2,,Standardized Ileal,88,0.6,3.3,3.3,10.8,2.7,1.9,2.2,4.3,3.7,4.4,4.2,2.6,,,,0.5,2.7,2.9,10.0,2.2,1.7,2.0,3.9,3.3,3.8,2.3,,5.5,31.1,33.0,114.1,24.5,41.9,82,43.5,26.3,
Maize (extruded)/extruded corn,Cereal & cereal products,2,,Standardized Ileal,88,0.6,3.3,3.3,10.8,2.7,1.9,2.2,4.3,3.7,4.4,4.2,2.6,,,,0.5,2.7,2.9,9.8,2.1,1.7,1.9,3.9,3.3,3.8,2.3,,5.7,30.4,32.6,111.7,24.2,41.0,81,43.0,25.7,
Maize (flaked)/flaked corn/rolled corn,Cereal & cereal products,2,,Standardized Ileal,88,0.6,3.3,3.3,10.8,2.7,1.9,2.2,4.3,3.7,4.4,4.2,2.6,,,,0.5,2.7,2.9,9.8,2.1,1.7,1.9,3.9,3.3,3.8,2.3,,5.7,30.4,32.6,111.7,24.2,41.0,81,43.0,25.7,
"Maize (high moisure)/humid corn - 60-70% dry matter, raw",Cereal & cereal products,2,,Standardized Ileal,92,0.6,3.4,3.4,11.4,2.8,1.9,2.3,4.5,3.9,4.6,4.4,2.7,,,,0.5,2.8,3.0,10.6,2.2,1.7,2.0,4.1,3.5,4.0,2.4,,5.2,30.7,32.5,115.2,24.3,40.8,83,43.5,26.1,
Maize bran,Cereal & cereal products,1,,Standardized Ileal,94,0.7,3.5,3.3,10.5,3,2,2.1,4.4,3.4,4.8,4.7,2.7,,,,0.5,2.3,2.5,8.5,2.0,1.7,1.4,3.5,2.7,3.7,2.2,,5.1,24.6,27.0,90.5,21.7,33.1,66,39.3,23.0,
"Maize, yellow dent (7,5% protein)",Cereal & cereal products,7,,Standardized Ileal,75,0.5,2.3,2.3,7.1,2.3,1.4,1.4,2.9,1.9,3.2,3.2,1.9,Procured from Exseed Genetics LLC,,,0.4,1.6,1.7,6.0,1.7,1.3,1.1,2.4,1.5,2.4,1.6,,4.7,21.5,23.3,79.5,23.0,31.2,52,32.0,21.0,
"Maize, nutridense (8,8% protein)",Cereal & cereal products,7,,Standardized Ileal,88,0.5,2.7,3,9.6,2.9,1.7,1.7,3.9,2.4,4,4.1,2.6,Procured from Exseed Genetics LLC,,,0.4,2.1,2.4,8.6,2.3,1.5,1.4,3.4,2.0,3.3,2.3,,4.1,23.3,27.6,98.2,26.0,33.4,62,37.3,25.7,
"Maize, high lysine",Cereal & cereal products,16,,Standardized Ileal,,,,,,,,,,,,,,,,,,,,,,,,,,,,,,,,,,,,,,AA composition data not reported 
"Millet, finger",Cereal & cereal products,4,,True Ileal,,,,,,,,,,,,,,,,,,,,,,,,,,,,,,,,,,,,,,AA composition data not reported 
"Millet, pearl (Penisetum glaucum (l) R. Br)/candle millet/dark millet/bajra/Indian millet/horse millet/bulrush millet/cattail millet",Cereal & cereal products,2,,Standardized Ileal,125,2.2,4.9,5.5,16.4,3.1,4.3,3,6.1,3.9,6.8,4.9,2.9,,,,2.0,4.3,5.0,14.9,2.7,3.6,2.7,5.7,3.4,6.1,2.7,,16.2,34.1,40.0,119.4,21.3,50.5,73,49.0,21.3,
"Millet, proso (Panicum miliaceum L.)/common millet/broomtail millet/hog millet/white millet/broomcorn millet",Cereal & cereal products,2,,Standardized Ileal,142,2.6,5.4,6.4,19,3.2,5,3.3,7,4.4,7.7,5.3,3.1,,,,2.0,4.1,5.2,15.8,2.5,4.2,2.5,5.9,3.6,6.1,2.5,,14.1,28.9,36.5,111.1,17.4,47.0,67,42.8,17.9,
Oat groats (Avena sativa L.)/oat grain from whuch hulls have been removed,Cereal & cereal products,2,,Standardized Ileal,128,1.6,4.5,4.9,9.4,5.3,2.2,4,6.5,4.6,6.8,8.8,2.8,,,,1.3,3.6,4.1,7.8,4.2,1.9,3.4,5.4,3.9,5.5,2.3,,10.3,28.1,31.8,61.0,32.7,41.2,73,43.0,18.2,
Oats (Avena sativa L.),Cereal & cereal products,"1,19",,Standardized Ileal,102,1.2,3.6,3.8,7.5,4.2,1.7,3.1,4.9,3.4,5.3,6.6,2.2,,,,0.9,2.5,3.0,6.2,3.2,1.4,2.2,4.1,2.8,4.2,1.9,,9.1,24.7,29.8,60.3,31.3,35.5,67,41.0,18.3,
Oats (Avena sativa L.),Cereal & cereal products,2,,Standardized Ileal,108,1.4,3.8,4.1,7.9,4.5,1.9,3.6,5.4,3.8,5.7,7.2,2.3,,,,1.1,2.6,3.2,6.4,3.3,1.6,2.7,4.5,3.0,4.4,1.9,,10.1,24.3,30.0,59.3,30.4,39.8,70,40.6,17.7,
"Oats, flaked/flaked or rolled oat grain",Cereal & cereal products,2,,Standardized Ileal,108,1.4,3.8,4.1,7.9,4.5,1.9,3.6,5.4,3.8,5.7,7.2,2.3,,,,1.1,2.6,3.2,6.4,3.3,1.6,2.7,5.0,3.0,4.4,1.9,,10.1,24.3,30.0,59.3,30.4,39.8,74,40.6,17.7,
"Oats, dehulled (13,1% protein)",Cereal & cereal products,7,,Standardized Ileal,131,1,4.3,5.1,9.8,5.7,2.3,4,6.6,3.8,7.1,8.7,3.2,Pocured from Siemer Enterprises Inc,,,0.8,3.5,4.4,8.5,4.9,2.1,3.1,5.8,3.1,6.0,2.8,,6.3,26.6,33.9,65.1,37.4,39.3,68,46.1,21.5,
Rice,Cereal & cereal products,"1,19",,True Ileal,78,0.9,2.9,2.9,5.7,3.3,1.6,1.7,3.7,2.7,4.3,6.1,2.1,,,,0.8,2.4,2.2,4.6,3.0,1.4,1.6,3.2,2.1,3.8,2.1,,10.3,30.5,27.9,59.2,38.9,38.8,68,48.5,26.7,
"Rice, brown (Oryza sativa L.)/unpolished rice without the hulls but with the outer grain layers",Cereal & cereal products,2,,Standardized Ileal,105,1.8,3.8,4.7,8.4,3.9,2.4,1.7,5.5,4.4,6.1,8.4,2.4,,,,1.5,3.2,4.0,7.4,3.4,2.1,1.4,4.9,3.9,5.2,2.1,,14.6,30.4,38.5,70.4,31.9,34.1,83,50.0,20.1,
"Rice, paddy/whole rice grain with the hulls included",Cereal & cereal products,2,,Standardized Ileal,85,1.5,3.1,3.8,6.7,3.2,2.1,1.6,4.3,3.6,5,6.7,1.9,,,,1.1,2.3,3.0,5.5,2.4,1.7,1.2,3.6,2.9,3.9,1.5,,13.4,27.4,35.8,64.6,28.2,34.2,76,45.9,17.9,
"Rice, polished, broken (byproduct of the polishing process consisting of small or broken grains)",Cereal & cereal products,2,,Standardized Ileal,92,1.6,3.3,4.1,7.3,3.5,2.2,1.6,4.7,3.9,5.4,7.3,2.1,,,,1.5,3.1,3.9,6.9,3.3,2.1,1.5,4.4,3.2,5.1,2.0,,16.5,33.7,41.9,75.4,35.8,38.8,83,55.8,21.5,
"Rice, white, polished (9,0% protein)",Cereal & cereal products,7,,Standardized Ileal,90,0.7,2.7,3.5,6.6,3,2.1,1.9,4.2,2.3,4.9,6.1,2.1,Procured from Walmart,,,0.7,2.5,3.2,6.2,2.8,2.0,1.8,4.0,2.1,4.6,1.9,,7.4,27.3,35.8,68.9,30.7,42.0,68,51.2,21.2,
Rice bran,Cereal & cereal products,"1,19",,Standardized Ileal,143,1.6,5.3,5.3,10.4,6,3,3.1,6.7,4.9,7.9,11.1,3.9,,,,1.2,3.4,3.6,7.0,4.1,2.2,2.0,4.6,3.9,5.2,3.0,,8.1,23.7,24.8,48.7,29.0,29.4,59,36.5,21.0,
Rye (Secale cereale L.) ,Cereal & cereal products,2,,Standardized Ileal,98,0.9,3.4,3.4,6,3.9,1.6,2.3,4.3,2.5,4.8,5,2.1,,,,0.7,2.4,2.6,4.7,2.8,1.3,1.9,3.5,1.9,3.6,1.7,,7.0,24.6,26.7,47.8,28.7,32.9,56,36.7,16.9,
"Rye (12,1% protein)",Cereal & cereal products,7,,Standardized Ileal,121,0.9,3.3,3.8,6.7,4.1,1.7,2.2,4.9,2.2,5.1,5.3,2.6,Pocured from Siemer Enterprises Inc,,,0.7,2.1,2.7,5.0,2.7,1.4,1.7,3.9,1.5,3.6,2.0,,5.6,17.5,22.6,41.0,22.7,25.1,44,29.9,16.5,
"Seitan (wheat based protein), 20,9 g/100 g protein)",Cereal & cereal products,8,,Standardized Ileal,209.3,5.7,4.6,7.6,14.2,2.9,3.9,4,10.3,4.9,7.8,2.6,4.7,Commercial origin,,,5.3,4.3,7.3,13.7,2.8,3.8,4.0,10.3,4.6,7.6,4.5,,25.1,20.7,34.9,65.4,13.6,37.1,71,36.1,21.5,
"Sorghum (Sorghum bicolor (L) Moench, low tannin variety",Cereal & cereal products,2,,Standardized Ileal,106,1.1,3.5,4.5,14.4,2.5,1.8,2,5.7,4.3,5.8,4.3,2.4,,,,0.9,2.7,3.7,12.4,1.9,1.5,1.5,4.8,3.7,4.7,1.9,,8.2,25.1,35.2,116.8,17.5,29.0,80,44.3,17.7,
"Sorghum (Sorghum bicolor (L) Moench, low tannin variety",Cereal & cereal products,"1,19",,Standardized Ileal,87,1,2.9,3.5,11.3,2.1,1.6,1.6,4.6,3.4,4.3,3.5,2.1,,,,0.9,2.4,3.0,9.9,1.7,1.4,1.2,4.1,2.9,3.7,1.7,,10.0,28.0,35.0,114.3,19.1,30.3,80,42.5,19.6,
"Sorghum (9,8% protein)",Cereal & cereal products,7,,Standardized Ileal,98,0.5,2.9,3.7,12.4,2,1.5,1.5,4.7,3,4.6,3.3,2.2,Pocured from Siemer Enterprises Inc,,,0.4,2.0,2.7,9.4,1.4,1.2,1.0,3.6,2.1,3.4,1.6,,3.7,20.1,27.9,96.2,14.1,22.2,58,34.3,16.6,
Triticale (Triticum x Secale),Cereal & cereal products,2,,Standardized Ileal,115,1.4,3.8,4.4,7.3,4.5,2,3,5,3.5,5.5,6.1,2.7,,,,1.2,3.1,3.8,6.4,3.7,1.8,2.7,4.5,3.2,4.7,2.4,,10.7,27.1,33.3,55.9,32.5,39.4,67,41.1,20.9,
"Wheat, durum",Cereal & cereal products,2,,Standardized Ileal,164,1.8,4.8,5.9,11.1,4.3,2.6,3.6,8,5.2,7.1,7.9,3.7,,,,1.6,4.0,5.3,10.0,3.5,2.3,3.3,7.3,4.7,6.1,3.3,,9.7,24.3,32.0,60.9,21.2,34.1,73,37.2,20.3,
"Wheat, soft",Cereal & cereal products,2,,Standardized Ileal,126,1.5,3.8,4.5,8.5,3.6,2,3.1,5.9,3.9,5.6,6.3,2.9,,,,1.3,3.2,4.0,7.7,2.9,1.8,2.8,5.4,3.5,4.8,2.6,,10.5,25.0,31.8,60.7,23.1,36.5,70,38.2,20.7,
"Wheat flour (fibre < 3,5%)",Cereal & cereal products,"1,19",,Standardized Ileal,154,2.2,5.1,4.9,9.5,6.1,2.5,3.2,6.1,4.5,7.2,10.3,4.2,,,,2.0,4.4,4.4,8.6,5.3,2.3,2.8,5.4,4.1,6.5,3.8,,12.7,28.5,28.6,56.1,34.5,32.5,62,42.1,24.8,
"Wheat (11,9% protein)",Cereal & cereal products,7,,Standardized Ileal,119,1.3,3.2,3.9,7.3,3.4,1.9,2.5,4.9,2.7,4.9,5.4,2.5,Pocured from Siemer Enterprises Inc,,,1.1,2.1,3.1,5.9,2.5,1.6,2.1,4.1,2.0,3.7,2.1,,9.2,17.5,25.9,49.7,20.9,31.0,51,30.9,17.6,
"Zein protein isolate (89% proteins, Sigma-Aldrich)",Cereal & cereal products,10,,True ileal,890,1.246,29.993,46.903,214.49,0.356,17.444,11.392,71.378,54.824,40.228,17.622,12.549,Naso-ileal intubation method used to continously collect postprandal ileal digesta from healthy volunteers,,,0.8,18.8,29.1,132.3,0.2,10.3,7.1,43.3,33.1,25.8,8.4,,0.9,21.1,32.7,148.7,0.3,19.6,86,29.0,9.4,
,,,,,,,,,,,,,,,,,,,,,,,,,,,,,,,,,,,,,,,,,,
"Beet pulp, dried",Roots & tubers,2,,Standardized Ileal,89,1.1,4,3.9,6.3,5.1,1.5,1,4,4.1,6.1,3.7,3.4,"Dried byproduct of sugar manufacture, obtained after extracting the juice from sugar beet roots (Beta vulgaris L.). Other name: sugar beet pulp.",,,0.5,1.2,2.3,3.7,2.6,0.9,0.2,2.1,2.2,2.6,2.1,,5.1,13.9,25.9,41.8,28.7,12.8,48,28.8,23.3,
"Beet pulp, pressed",Roots & tubers,2,,Standardized Ileal,87,0.9,3.9,3.8,6.1,5,1.4,1,3.9,4.7,6,3.6,3.3,"Humid byproduct of sugar manufacture, obtained after extracting the juice from sugar beet roots (Beta vulgaris L.). The resulting solids are pressed to reduce water content down to 70-80%.",,,0.4,1.2,2.2,3.6,2.5,0.9,0.2,2.0,2.5,2.5,2.0,,4.2,13.9,25.8,41.4,28.7,12.3,52,29.0,23.1,
"Cassava pulp, dried",Roots & tubers,2,,Standardized Ileal,23,0.2,0.7,0.7,1.2,0.9,0.4,0.4,0.8,0.6,1,0.8,0.7,Dried cassava pulp is a dried by-product of the extraction of starch from cassava roots (Manihot esculenta Crantz).  This is a highly variable product.,,,0.1,0.5,0.5,0.9,0.6,0.3,0.3,0.6,0.5,0.7,0.5,,6.1,21.0,23.1,40.7,27.0,25.4,48,32.2,23.1,
Cassava (starch 66-70%),Roots & tubers,2,,Standardized Ileal,29,0.2,0.9,0.9,1.5,1.1,0.5,0.5,1,0.7,1.3,1.1,1.2,,,,0.2,0.6,0.3,1.1,0.7,0.4,0.4,0.6,0.5,1.0,0.9,,5.8,21.4,9.0,38.8,24.3,27.2,37,33.2,31.4,
"Cassava, starch 70-74%",Roots & tubers,2,,Standardized Ileal,28,0.2,0.8,0.8,1.5,1.1,0.5,0.5,1,0.7,1.2,1.1,1.2,"Dried cassava roots (Manihot esculenta Crantz), containing 70-74% starch (as fed). Cassava roots are usually provided as chips, pellets or meal (ground chips).",,,0.2,0.6,0.2,1.1,0.7,0.4,0.4,0.6,0.5,0.9,0.9,,6.1,19.7,8.3,40.2,25.1,28.2,39,31.7,32.6,
"Chicory pulp, dehydrated",Roots & tubers,2,,Standardized Ileal,87,1.4,3.4,3.5,5.9,3.7,1,0.6,3.7,2.6,3.9,3.6,1.5,Byproduct of the extraction of fructose and inuline from chicory roots (Cichorium intybus L.).,,,1.0,2.4,2.7,4.6,2.6,0.8,0.4,3.0,2.0,2.9,1.1,,11.4,27.4,30.6,52.9,29.3,13.8,57,33.2,13.1,
Potato protein concentrate,Roots & tubers,2,,Standardized Ileal,841,11.7,47.2,47,84.3,64.2,18.5,11.4,52.6,44.6,55.1,42.3,17.9,Dried byproduct of starch manufacture from potato tubers (Solanum tuberosum L.) consisting mainly of protein substances obtained after the separation of starch.,,,8.8,42.5,41.8,76.7,57.1,16.8,8.9,47.9,39.7,49.0,15.9,,10.4,50.5,49.7,91.2,67.9,30.6,104,58.3,18.9,
"Potato pulp, dried",Roots & tubers,2,,Standardized Ileal,54,0.2,0.7,0.2,2.3,0.7,0.3,0.7,0.5,1.2,1.4,1,0.5,Dried byproduct of the processing (particularly starch manufacture) of potato tubers (Solanum tuberosum L.).,,,0.2,0.5,0.2,1.9,0.5,0.2,0.5,0.4,1.0,1.1,0.4,,2.8,9.6,2.9,34.5,9.6,13.8,25,20.0,7.4,
"Potato tuber, dried",Roots & tubers,2,,Standardized Ileal,103,0.9,3.6,3.2,5.1,4.6,1.4,1.4,3.7,3.9,4.8,3.5,1.6,Dried whole potato tuber (Solanum tuberosum L.). These are cull potatoes from potato production and potato processing industries.,,,0.8,3.0,2.8,4.5,4.0,1.2,1.2,3.3,3.4,4.1,1.4,,7.4,29.4,26.7,43.6,38.4,23.4,65,39.6,13.7,
Potato crisps,Roots & tubers,1,,Standardized Ileal,59,0.5,2.3,2.2,3.6,3.2,0.8,0.8,2.3,1.9,3.1,1.8,1,,,,0.2,1.1,1.0,1.7,1.5,0.3,0.4,1.1,0.9,1.5,0.4,,4.0,18.3,16.4,28.7,26.0,11.9,33,24.7,7.1,
Potato fries (fat 4-12%) ,Roots & tubers,"1,19",,Standardized Ileal,70,0.6,2.7,2.6,4.3,3.8,1,0.9,2.7,2.3,3.7,2.2,1.2,,,,0.3,1.4,1.3,2.2,1.9,0.5,0.5,1.4,1.1,1.9,0.6,,4.0,20.1,18.9,31.9,27.7,13.4,36,27.5,8.1,
Potato fries (fat 12-18%),Roots & tubers,"1,19",,Standardized Ileal,72,0.6,2.8,2.7,4.4,3.9,1,0.9,2.8,2.4,3.7,2.2,1.2,,,,0.3,1.5,1.4,2.2,2.0,0.5,0.5,1.5,1.3,1.9,0.6,,3.9,20.2,19.1,30.6,28.2,13.0,38,26.7,7.8,
Potato fries (fat >18%),Roots & tubers,1,,Standardized Ileal,64,0.6,2.5,2.4,3.9,3.5,0.9,0.8,2.5,2.1,3.3,2,1.1,,,,0.3,1.2,1.3,2.0,1.8,0.5,0.4,1.3,1.1,1.7,0.6,,4.4,18.8,19.9,30.5,28.4,13.8,37,26.3,8.8,
Potato (dehydrated),Roots & tubers,"1,19",,Standardized Ileal,93,1.4,3.7,4.4,6.4,4.8,1.6,1.4,4,3.6,4.7,4.8,1.6,,,,0.7,2.3,2.5,3.6,3.0,1.1,0.8,2.3,2.1,2.7,0.8,,7.1,24.7,26.5,38.5,32.0,19.5,47,29.3,9.1,
"Potato peelings, steamed, starch <35%)",Roots & tubers,"1,19",,Standardized Ileal,156,1.6,5.9,5.6,9.7,8.6,2.2,1.9,6.2,5.6,7.5,5.3,2.6,,,,0.8,3.7,3.2,5.6,5.4,1.5,0.9,3.5,3.2,4.4,1.5,,5.2,23.4,20.8,36.1,34.7,15.6,43,27.9,9.5,
"Potato peelings, steamed, starch 35-47,5%)",Roots & tubers,"1,19",,Standardized Ileal,135,1.4,5.1,4.9,8.4,7.4,1.9,1.6,5.4,4.9,6.5,4.6,2.3,,,,0.7,3.2,2.8,4.9,4.7,1.3,0.8,3.1,2.7,3.8,1.4,,4.9,23.4,21.1,36.1,35.1,15.8,44,27.9,10.4,
"Potato peelings, steamed, starch 47,5-60%)",Roots & tubers,"1,19",,Standardized Ileal,115,1.1,4.4,4.1,7.1,6.3,1.6,1.4,4.6,4.1,5.5,3.9,1.9,,,,0.5,2.8,2.4,4.0,3.9,1.0,0.7,2.7,2.3,3.1,1.1,,4.5,24.1,21.0,35.2,34.0,14.6,44,27.3,9.6,
"Potato peelings, steamed, starch >60%)",Roots & tubers,"1,19",,Standardized Ileal,102,1,3.9,3.7,6.3,5.6,1.4,1.2,4.1,3.7,4.9,3.5,1.7,,,,0.5,2.4,2.1,3.7,3.5,0.9,0.6,2.3,2.1,2.8,1.0,,5.1,23.3,20.3,36.4,34.6,14.5,44,27.9,9.3,
"Potato (sweet, dehydrated)",Roots & tubers,"1,19",,Standardized Ileal,40,0.4,1.3,1.2,2.2,1.6,0.6,0.6,1.6,1.1,1.6,1.6,0.6,,,,0.2,0.7,0.7,1.1,0.8,0.4,0.3,0.8,0.6,0.8,0.3,,4.7,16.6,16.5,28.1,21.2,16.7,35,18.8,7.1,
"Sweet potato, dried",Roots & tubers,2,,Standardized Ileal,51,0.9,2.4,2.1,2.7,1.9,0.6,0.8,3.1,2,2.7,1.7,1.3,Dried sweet potato tuber (Ipomea batatas (L.) Lam.).,,,0.8,2.0,1.8,2.3,1.6,0.5,0.7,2.7,1.7,2.3,1.1,,14.8,39.1,35.0,46.1,31.7,23.4,88,45.0,22.2,
,,,,,,,,,,,,,,,,,,,,,,,,,,,,,,,,,,,,,,,,,,
"Adzuki bean, cooked (Jihong No.16, Chinese variety),25,5% protein",Legumes & oilseeds,9,,True ileal,255,2.2,6.6,7.7,21.8,13.2,3.1,3.8,7.8,4,9.2,12.8,7.3,,,,1.7,5.7,6.8,20.5,11.9,2.6,2.0,7.0,3.4,8.2,6.5,,6.6,22.4,26.8,80.3,46.5,18.0,41,32.2,25.4,
Alfalfa protein concentrate,Legumes & oilseeds,2,,Standardized Ileal,566,8.7,27.2,28.6,50.1,34.2,11.6,5.4,33.7,24.2,33.9,34,14.3,"Protein concentrate obtained by pressing the aerial part of alfalfa (Medicago sativa L.). In one commercial process, fresh alfalfa is first pressed to obtain a green juice. This juice is then heated and steamed to produce a protein coagulate. This coagulate is separated from the liquid by centrifugation, and then dried. Alfalfa protein concentrate is used for its high content in protein and pigments (caroten, xanthophylls).",,,6.9,21.5,23.5,42.1,27.4,9.9,4.2,28.6,20.3,27.5,12.0,,12.1,38.0,41.4,74.4,48.3,24.9,87,48.5,21.2,
"Alfalfa, dehydrated, protein 16-18% dry matter",Legumes & oilseeds,2,,Standardized Ileal,170,2.4,6.1,6.5,11.5,7.2,1.7,2.2,7.3,4.8,10.3,6.3,2.3,"Dehydrated aerial part of alfalfa (Medicago sativa L.), containing between 16% and 18% protein (in dry matter).",,,1.1,3.8,4.4,8.3,4.0,1.3,0.8,5.3,3.2,6.9,1.3,,6.5,22.6,26.0,48.7,23.3,12.0,50,40.6,7.7,
"Alfalfa, dehydrated, protein > 25% dry matter",Legumes & oilseeds,2,,Standardized Ileal,264,3.9,11.1,11.7,20.7,13.6,4.1,3,13.6,9.4,15.9,12.9,5.1,Dehydrated aerial part of alfalfa (Medicago sativa L.) containing more than 25% protein (in dry matter).,,,1.8,8.0,8.8,15.9,9.8,3.2,1.1,10.2,7.1,11.4,3.5,,6.8,30.3,33.2,60.4,37.1,16.1,66,43.4,13.1,
"Broad beans, cooked (Qingcan No.14, Chinese variety), 29,7% protein",Legumes & oilseeds,9,,True ileal,297,2.1,9.3,10.5,29,16.8,2.1,6.7,8.3,5.8,11.4,27.5,8.1,,,,1.8,8.3,9.7,27.7,15.6,1.7,4.5,7.6,5.1,10.4,6.9,,5.9,27.9,32.5,93.2,52.5,21.2,43,35.0,23.2,
"Chickpea, kabuli type (Cicer arietinum L.)",Legumes & oilseeds,2,,Standardized Ileal,213,2,7.6,8.3,15.6,14.4,2.6,2.6,11.7,4.9,8.6,17.6,5.4,Kabuli (also called garbanzo) chickpeas are tan-coated and are grown primarily in the Mediterranean area and in South America. They contain less crude fibre than the smaller and dark-coated desi types grown in the Indian subcontinent.,,,1.7,5.9,6.8,13.4,13.5,2.3,2.3,10.4,4.4,7.0,4.7,,7.8,27.5,32.0,63.0,63.5,21.7,69,32.7,22.1,
"Chickpea, pressure cooked (Kabuli), (Cicer arietinum) garbanzo bean, var KAK-2, India (22,9 g/100 g protein)",Legumes & oilseeds,17,,True ileal,229.3,,15.2,10.1,15.5,14.4,2.4,,13.4,,9.9,,,,,,,11.0,8.2,12.3,8.6,1.7,,10.8,,7.5,,,,48.1,35.9,53.7,37.7,7.5,47,32.8,,
"Chickpeas (Xinying No1 Y2-12, Chinese variety), 25,3% protein",Legumes & oilseeds,9,,True ileal,253,2.2,7.3,8.4,22.7,13.1,3.1,6.8,8.9,3.8,8.6,19.9,6.5,,,,1.9,5.8,7.1,20.5,11.5,2.7,5.2,7.6,2.9,7.2,4.7,,7.6,22.9,28.2,81.0,45.4,31.3,41,28.3,18.7,
Coconut (extracted),Legumes & oilseeds,1,,True ileal,,,,,,,,,,,,,,,,,,,,,,,,,,,,,,,,,,,,,,AA composition data not reported 
Common bean (Phaseolus vulgaris L.),Legumes & oilseeds,2,,Standardized Ileal,249,2.8,10.7,10.9,19.9,16.4,3.3,2.5,13.5,9.3,12.8,16.1,6.5,"The common bean is known under many names (kidney bean, French bean, navy bean...), depending on the variety.",,,2.3,8.1,7.8,14.1,13.9,2.9,2.0,10.0,6.2,8.3,4.3,,9.2,32.7,31.5,56.7,56.0,19.7,65,33.4,17.2,
Common vetch (Vicia sativa L.),Legumes & oilseeds,2,,Standardized Ileal,283,2.5,9.2,10.2,17.7,15.8,3.1,3.6,11.5,6.8,14.9,19.3,6.9,,,,2.0,7.1,8.3,14.7,12.3,2.6,2.7,9.7,5.6,11.9,5.7,,6.9,25.0,29.2,51.9,43.5,18.9,54,42.1,20.2,
"Cotton seed, whole/full-fat cotton seed (Gossypium spp.)",Legumes & oilseeds,2,,Standardized Ileal,220,2.9,8.3,7.4,13.2,10.4,3.9,3.1,11.7,7,8.9,24.2,8.2,,,,1.9,5.4,5.4,9.9,6.7,3.0,1.9,9.0,5.2,6.2,5.9,,8.7,24.5,24.6,45.0,30.3,22.2,64,28.3,26.8,
"Cotton seed, whole, extruded/full-fat cotton seed (Gossypium spp)",Legumes & oilseeds,2,,Standardized Ileal,220,2.9,8.3,7.4,13.2,10.4,3.9,3.1,11.7,7,8.9,24.2,8.2,,,,1.9,5.4,5.4,9.9,6.7,3.0,1.9,9.0,5.2,6.2,5.9,,8.7,24.5,24.6,45.0,30.3,22.2,64,28.3,26.8,
Cowpea seed (Vigna unguicuilata (L) Walp),Legumes & oilseeds,2,,Standardized Ileal,250,2.8,9.5,10,18.6,16.3,3.7,2.8,13.7,7.5,11.7,16.8,8.2,"Cowpea is a grain legume popular as human food in Africa and in some regions of Asia and the Americas. Other names: black-eyed pea, black-eyed bean, asparagus bean.",,,2.3,7.7,8.4,16.0,13.4,3.2,2.2,11.8,6.4,9.7,7.0,,9.2,30.8,33.6,64.0,53.5,21.7,73,38.8,27.9,
"Faba bean, coloured flowers, high tannin",Legumes & oilseeds,2,,Standardized Ileal,295,2.4,10.5,12,22.4,19.2,2.1,3.7,12.4,9.4,13.3,27.9,7.5,,,,1.7,8.4,9.8,18.8,16.3,1.7,2.7,10.3,7.6,10.5,6.4,,5.7,28.5,33.4,63.8,55.3,14.9,61,35.6,21.6,
"Faba bean, colored flowers, high tannin, extruded, horse bean/field bean (Vicia faba L.)",Legumes & oilseeds,2,,Standardized Ileal,295,2.4,10.5,12,22.4,19.2,2.1,3.7,12.4,9.4,13.3,27.9,7.5,,,,1.7,8.5,9.8,19.0,16.7,1.8,2.8,10.4,7.6,10.8,6.4,,5.8,28.8,33.4,64.5,56.6,15.4,61,36.5,21.6,
"Faba bean, white flowers, low tannin, horse bean/field bean (Vicia faba L.)",Legumes & oilseeds,2,,Standardized Ileal,311,2.6,11.1,12.6,23.6,20,2.2,4,13,9.9,14.1,30.4,7.9,,,,2.0,9.3,10.6,20.5,17.8,1.9,3.1,11.3,8.4,11.7,7.0,,6.3,30.0,34.0,66.0,57.2,16.0,63,37.6,22.6,
"Groundnut flour/peanut flour, dehulled (46,6 g/00 g protein)",Legumes & oilseeds,12,,Standardized Ileal,466,4.7,11.7,16.8,30.6,11.7,5,5.1,24.1,17.9,20,50.4,10.8,,,,3.9,9.6,15.1,28.4,7.8,4.5,4.0,22.7,16.3,18.0,9.3,,8.4,20.7,32.3,60.9,16.7,18.2,84,38.6,19.9,
"Kidney bean, cooked (Ziyun No.2, Chinese variety), 26,2% protein",Legumes & oilseeds,9,,True ileal,262,2.5,10.1,10.8,19.7,16.8,2.7,5,13.8,6.2,12.5,14.6,9,,,,1.9,7.5,8.6,17.5,14.0,2.3,2.2,10.7,3.7,10.0,5.1,,7.4,28.8,32.9,66.7,53.6,17.0,55,38.1,19.4,
Lentils (Lens esculenta Moench),Legumes & oilseeds,2,,Standardized Ileal,264,1.8,9.2,10.4,17.9,16.2,2.1,3.2,11.5,7.1,11,18.8,6.2,,,,1.5,7.5,8.7,15.4,13.3,1.8,2.6,9.9,6.0,9.1,5.3,,5.6,28.2,33.1,58.3,50.3,16.5,60,34.6,20.2,
"Lentils, raw, red (Lens culinaris), 24,7 g/100 g protein",Legumes & oilseeds,13,,Standardized Ileal,247,1.4,8.7,10.9,17.6,17,1.9,2.6,12.2,7.2,12,17.8,5.9,"Sourced from CorLine Commodities, Canada",,,1.2,6.9,8.5,13.9,13.7,1.4,1.9,9.6,5.8,9.3,4.7,,4.9,27.8,34.3,56.3,55.5,13.4,62,37.6,19.0,
"Lentils, steam pelleted at 80-85 oC, (Lens culinaris), 24,3 g/100 g protein",Legumes & oilseeds,13,,Standardized Ileal,243,1.4,8.6,10.7,17.6,16.3,2,2.7,12.2,7.2,11.9,17.4,5.9,"Raw material sourced from CorLine Commodities, Canada",,,1.3,7.4,9.2,15.3,14.2,1.7,2.1,10.5,6.0,10.1,5.1,,5.4,30.3,37.8,62.9,58.6,15.9,68,41.6,20.9,
"Lentils, extruded at 115oC (Lens culinaris), 24,4 g/00 g protein",Legumes & oilseeds,13,,Standardized Ileal,244,1.5,8.6,10.7,17.4,16.6,1.8,2.6,12.1,7.1,11.9,17.6,5.9,"Raw material sourced from CorLine Commodities, Canada",,,1.4,7.6,9.4,15.3,14.6,1.6,2.0,10.8,6.3,10.4,5.1,,5.9,31.0,38.4,62.9,59.8,14.5,70,42.4,21.0,
"Linseed, whole (Linum usitatissimum)/full-fat linseed/full fat flaxseed",Legumes & oilseeds,2,,Standardized Ileal,225,4,10,10.7,14.3,8.8,4.4,4.4,12,6.3,11.8,22.6,5.2,,,,3.0,7.5,8.6,11.7,6.6,3.7,3.2,10.0,5.1,9.2,4.2,,13.5,33.3,38.0,52.1,29.3,30.5,67,40.9,18.7,
"Linseed, whole, extruded (Linum usitatissimum)/full-fat linseed/full fat flaxseed",Legumes & oilseeds,2,,Standardized Ileal,225,4,10,10.7,14.3,8.8,4.4,4.4,12,6.3,11.8,22.6,5.2,,,,3.0,7.5,8.6,11.7,6.6,3.7,3.2,10.0,5.1,9.2,4.2,,13.5,33.3,38.0,52.1,29.3,30.5,67,40.9,18.7,
"Lupin, blue (Lupinus angustifolius L.)/narrowleaf lupin",Legumes & oilseeds,2,,Standardized Ileal,333,2.5,13.1,15.5,24.7,16.8,2.9,6,13.2,15.3,14.9,32.9,7.5,,,,1.9,10.9,13.6,21.7,14.6,2.5,5.2,11.9,13.5,12.5,6.9,,5.8,32.7,41.0,65.3,43.9,23.0,76,37.6,20.7,
"Lupin, white (Lupinus albus L.)",Legumes & oilseeds,2,,Standardized Ileal,380,2.6,14.1,17.6,27.6,18.5,3,6.3,14.8,17.7,16.4,40.9,8.3,,,,2.0,11.0,15.3,23.7,15.2,2.3,4.8,12.7,15.8,12.1,7.1,,5.3,28.9,40.3,62.5,39.9,18.6,75,31.9,18.8,
"Lupin, white, extruded (Lupinus albus L.)",Legumes & oilseeds,2,,Standardized Ileal,380,2.6,14.1,17.6,27.6,18.5,3,6.3,14.8,17.7,16.4,40.9,8.3,,,,2.0,11.0,15.3,23.7,15.2,2.3,4.8,12.7,15.8,12.1,7.1,,5.3,28.9,40.3,62.5,39.9,18.6,75,31.9,18.8,
"Mung bean (Vigna radiata, var. KKM-3), India (24,9 g/100 g protein)",Legumes & oilseeds,17,,True ileal,249.4,,12.8,10.5,17.5,16.1,2.1,,15.4,,12.2,,,,,,0.0,5.4,8.0,11.8,10.1,1.1,0.0,11.3,0.0,8.3,0.0,,0.0,21.8,31.9,47.4,40.7,4.4,45,33.2,0.0,
"Mung bean, dehulled (Vigna radiata, var. KKM-3), India (25,7 g/100 g protein)",Legumes & oilseeds,17,,True ileal,251.7,,13,10.3,18,16.1,2.3,,15.6,,12.4,,,,,,0.0,7.1,8.5,13.7,10.2,1.5,0.0,11.7,0.0,9.9,0.0,,0.0,28.1,33.9,54.6,40.6,5.9,47,39.4,0.0,
"Mung bean, cooked (Yulc No.1, Chinese variety), 26,1% protein",Legumes & oilseeds,9,,True ileal,261,2.4,8,10.1,18.8,16.5,3.3,6.2,14.4,5.2,11.8,16.3,8.2,,,,2.0,6.2,8.4,17.0,14.2,2.7,3.3,12.1,4.0,9.8,5.6,,7.6,23.6,32.1,65.3,54.4,23.1,62,37.4,21.4,
Pea (Pisum sativum L.),Legumes & oilseeds,2,,Standardized Ileal,233,2,8.9,9.8,16.6,17,2.3,3.2,11,7.3,11,19.9,5.9,,,,1.5,6.8,7.7,13.3,14.1,1.8,2.3,8.8,5.9,8.5,5.0,,6.3,29.0,33.2,57.0,60.6,17.8,63,36.4,21.3,
Pea (Pisum sativum L.),Legumes & oilseeds,"1,19",,Standardized Ileal,203,1.8,7.5,8.3,14.4,14.4,2,3,9.5,6.7,9.3,17.8,5.1,,,,1.2,5.6,6.4,11.1,11.7,1.5,2.2,7.2,5.2,6.9,4.1,,6.1,27.3,31.5,54.6,57.5,18.1,61,33.9,20.3,
"Pea, extruded (Pisum sativum L.)",Legumes & oilseeds,2,,Standardized Ileal,233,2,8.9,9.8,16.6,17,2.3,3.2,11,7.3,11,19.9,5.9,,,,1.8,8.0,8.9,15.3,15.8,2.0,2.8,10.2,6.9,9.8,5.5,,7.6,34.4,38.3,65.5,67.9,20.6,73,42.0,23.8,
Pea protein concentrate,Legumes & oilseeds,2,,Standardized Ileal,837,6.6,26.4,30.6,56.4,51.6,6.5,7.7,36.1,22.9,33.8,97.9,21.1,"Protein fraction of the pea seed (Pisum sativum L.), extracted by a wet process.",,,5.9,17.2,28.5,53.0,49.0,5.9,6.9,34.3,21.5,31.4,20.3,,7.1,20.5,34.0,63.3,58.6,15.2,67,37.6,24.2,
"Pea emulsion (soybean oil-in-water emulsion containing a pea isolate), 16.79 g/100 g protein)",Legumes & oilseeds,8,,Standardized Ileal,167.9,5.1,6.5,8,14.4,11.8,0.8,1.5,9.4,5.3,8.1,4.5,5.3,"Emulison was created using a commercial pea isolate (Pisane M9, Cosucra, Belgium) and commercial soybean oil",,,5.1,6.0,7.6,13.6,11.1,0.6,1.5,9.2,5.2,7.7,4.9,,30.3,35.8,45.1,81.0,66.0,12.8,86,45.7,29.0,
"Peas, cooked (Dingwan No.4, Chinese variety), 24,3% protein",Legumes & oilseeds,9,,True ileal,243,2,8.1,9,17,15.8,2.1,6.3,7.8,4.4,9.8,22.7,7.2,,,,1.7,6.7,8.0,15.8,14.4,1.9,4.7,6.8,3.6,8.5,5.4,,7.2,27.7,32.7,65.1,59.2,27.1,43,35.1,22.3,
"Pea, yellow, pressure cooked (Pisum sativum; var. Salamanca) (24,4 g/100 g protein)",Legumes & oilseeds,17,,True ileal,244.3,,15.6,10,16.2,15.7,2,,12.3,,10.9,,,,,,0.0,10.4,8.0,11.3,9.7,1.1,0.0,9.9,0.0,8.4,0.0,,0.0,42.7,32.5,46.4,39.9,4.6,41,34.5,0.0,
"Pistachio nuts, raw (Pistacia vera L.), 27,1 g/100 g protein)",Legumes & oilseeds,14,,Standardized Ileal,271,3.4,7.3,11,17,12.9,3.8,4.5,13.6,7,14.4,23.1,5.3,,,,3.1,6.4,9.6,15.0,11.2,3.3,4.0,11.8,6.1,12.6,4.7,,11.5,23.7,35.4,55.2,41.2,26.8,66,46.7,17.4,
"Pistachio nuts, roasted (Pistacia vera L.), 25,1 g/100 g protein",Legumes & oilseeds,14,,Standardized Ileal,251,2.7,7.5,11.3,17.4,12.9,3.9,4.6,13.8,7.1,14.9,23.1,5.4,,,,2.3,5.8,8.8,13.8,9.9,3.1,3.7,10.7,5.6,11.6,4.3,,9.1,23.1,35.2,55.0,39.6,27.0,65,46.3,17.0,
"Rapeseed, whole (Brassica napus L., Brassica rapa L., Brassica juncea L.)/full-fat rapeseed/full-fat canola seed",Legumes & oilseeds,2,,Standardized Ileal,201,2.6,9.6,8.3,13.9,12.5,4.4,5,7.8,5.7,10.7,11.9,5.1,From varieties having a low content in erucic acid and glucosinolate,,,1.9,6.8,5.6,9.9,9.8,3.6,4.0,5.7,4.2,7.5,3.7,,9.4,33.9,28.1,49.1,48.5,37.6,49,37.3,18.5,
"Rapeseed, whole, extruded (Brassica napus L., Brassica rapa L., Brassica juncea L.)/full-fat rapeseed/full-fat canola seed",Legumes & oilseeds,2,,Standardized Ileal,201,2.6,9.6,8.3,13.9,12.5,4.4,5,7.8,5.7,10.7,11.9,5.1,,,,1.9,6.8,5.6,9.9,9.8,3.6,4.0,5.7,4.2,7.5,3.7,,9.4,33.9,28.1,49.1,48.5,37.6,49,37.3,18.5,
"Soybean, whole, extruded (Glycine max (L) Merr.), extruded full-fat soybean",Legumes & oilseeds,2,,Standardized Ileal,402,5.1,16.3,18.7,30.3,25,5.8,5.9,20.3,14.3,19.4,29.4,11,,,,3.9,13.7,15.9,25.8,21.8,4.9,4.7,17.5,12.6,16.3,9.7,,9.8,34.1,39.5,64.1,54.1,24.0,75,40.5,24.1,
"Soybean, whole, flaked (Glycine max (L) Merr.)/flaked or rolled full-fat soybean",Legumes & oilseeds,2,,Standardized Ileal,402,5.1,16.3,18.7,30.3,25,5.8,5.9,20.3,14.3,19.4,29.4,11,,,,3.8,12.7,15.1,24.5,21.0,4.8,4.3,16.2,12.6,15.5,9.4,,9.4,31.6,37.7,61.1,52.2,22.5,72,38.6,23.3,
"Soybean, whole, toasted (Glycine max (L) Merr.)/toasted full-fat soybean",Legumes & oilseeds,2,,Standardized Ileal,404,5.2,16.3,18.8,30.5,25.1,5.8,6,20.4,14.3,19.5,29.5,11,,,,4.3,12.2,13.9,23.2,19.8,4.5,4.5,15.7,11.2,14.4,8.9,,10.7,30.3,34.4,57.4,49.1,22.3,66,35.7,22.1,
"Soybean, whole, toasted, flaked and expanded (Glycine max (L) Merr.)",Legumes & oilseeds,2,,Standardized Ileal,396,5,16.1,18.5,29.9,24.6,5.7,5.8,20,14.1,19.1,29,10.8,,,,4.1,11.9,13.5,21.8,19.2,4.3,4.4,14.8,11.0,13.8,8.5,,10.4,30.1,34.1,55.1,48.5,21.9,65,34.7,21.5,
"Soybean protein concentrate, protein 50-60%",Legumes & oilseeds,2,,Standardized Ileal,583,8.3,21.9,26.5,44.7,36.3,8.3,9.3,29.5,20.4,28.1,42.6,15.5,"Protein concentrate obtained from defatted and ground soybean seeds (Glycine max (L.) Merr.) by the separation of soluble fractions, ash and non-nitrogenous compounds.",,,7.7,20.1,25.2,42.5,33.8,7.9,8.6,28.0,19.6,26.1,15.0,,13.2,34.6,43.2,72.8,57.9,28.2,82,44.8,25.8,
"Soybean protein concentrate, protein 60-70%",Legumes & oilseeds,2,,Standardized Ileal,694,10.2,25.3,31.2,53.5,43.2,9.8,11.4,35,24.2,33.5,50.7,18.3,"Protein concentrate obtained from defatted and ground soybean seeds (Glycine max (L.) Merr.) by the separation of soluble fractions, ash and non-nitrogenous compounds.",,,9.3,22.0,28.4,49.2,40.6,9.0,9.6,32.2,22.7,30.2,17.4,,13.4,31.7,40.9,70.9,58.5,26.8,79,43.4,25.1,
"Soybean protein concentrate, protein 70-90%/soy isolate",Legumes & oilseeds,2,,Standardized Ileal,844,12.9,30,37.6,65.5,52.6,11.8,14.2,42.6,29.4,40.8,61.6,22,"Protein concentrate obtained from defatted and ground soybean seeds (Glycine max (L.) Merr.) by the separation of soluble fractions, ash and non-nitrogenous compounds. Soybean concentrates with particularly high protein content are sometimes called soybean isolates or soy isolates.",,,11.7,26.1,34.2,60.3,49.4,10.9,11.9,39.2,27.6,36.7,20.9,,13.9,30.9,40.5,71.4,58.6,27.0,79,43.5,24.8,
"Soya milk (21,83 g/100 g protein)",Legumes & oilseeds,8,,Standardized Ileal,218.3,5.7,8.2,10.7,16.9,12.2,2.9,3.5,11.2,6,10.4,5.5,6.1,Commercial origin,,,5.7,7.4,9.5,14.9,11.3,2.9,3.5,10.6,5.4,9.4,5.6,,26.1,34.0,43.7,68.4,51.7,29.2,73,43.1,25.8,
"Soy bean, full fat, dehulled, extruded (35,8 g/100 g protein)",Legumes & oilseeds,12,,Standardized Ileal,358,4.4,14.4,18,28.9,24,5.1,5.2,19,13.4,18.6,26.5,9.9,,,,3.5,11.0,14.5,23.3,19.7,4.2,3.6,15.6,10.8,14.4,8.1,,9.8,30.8,40.5,65.0,54.9,21.7,74,40.3,22.7,
"Sunflower seeds, whole",Legumes & oilseeds,2,,Standardized Ileal,160,2.2,6.1,6.3,9.4,6.5,3.6,2.8,6.8,4,7.3,11.6,4,,,,1.9,5.0,5.4,8.0,4.9,3.2,2.4,5.9,3.3,6.1,3.4,,11.8,31.3,33.9,49.9,30.5,35.1,58,38.3,21.3,
"Tofu (soya based protein), 23.7 g/100 g protein)",Legumes & oilseeds,8,,Standardized Ileal,237.1,5.5,8.5,11.3,18.5,13.4,2.7,3,12.4,6.6,11.2,5.1,6.3,Commercial origin,,,5.5,7.9,10.5,17.3,12.6,2.3,2.5,12.2,6.1,10.4,6.0,,23.2,33.3,44.3,72.8,53.1,20.4,77,44.1,25.4,
,,,,,,,,,,,,,,,,,,,,,,,,,,,,,,,,,,,,,,,,,,
"Camelina oil meal, oil > 5%",Oil byproducts,2,,Standardized Ileal,379,4.4,14.9,14.5,24.7,17.6,7.3,8.7,15.1,9.5,19.9,29,8.6,Byproduct of oil manufacture obtained by extraction of camelina seeds (Camelina sativa Crantz) using mechanical pressure only.,,,3.5,7.6,9.4,17.0,9.3,5.4,4.7,10.4,5.3,12.9,6.3,,9.3,20.1,24.9,45.0,24.6,26.6,42,34.1,16.6,
"Canola meal, oil < 5%",Oil byproducts,2,,Standardized Ileal,410,5,17.4,16.4,27.8,21.6,8.2,9.8,15.8,11.6,20.8,23.6,11.3,"By-product of the manufacture of rapeseed oil, obtained by solvent extraction of rapeseeds of Canola type.",,,4.0,13.1,12.8,22.8,16.2,7.1,7.9,13.1,9.3,16.0,9.5,,9.8,31.8,31.2,55.6,39.5,36.8,55,39.1,23.2,
"Cocoa meal, oil < 5%",Oil byproducts,2,,Standardized Ileal,276,3,9.7,9.7,17.1,11.9,2.5,3,11.6,7.4,10.5,13.8,4.4,"Byproduct of the manufacture of cocoa butter (Theobroma cacao L.), obtained by complete extraction of cocoa beans.",,,2.0,6.5,7.2,13.0,7.9,2.0,1.9,9.0,5.6,7.6,3.3,,7.4,23.5,26.0,47.1,28.5,13.9,53,27.4,11.8,
"Copra meal, oil 5-20%",Oil byproducts,2,,Standardized Ileal,224,3,7.3,6.8,13.7,6,3.1,3,9.1,4.5,10.5,23.6,4.4,"Byproduct of oil manufacture obtained after extraction from the dried kernels (copra) of the coconut fruit (Cocos nucifera L.). This product has a high content in residual oil and results from mechanical pressure only. Other names: coconut meal, coconut oil meal.",,,2.1,4.9,5.2,10.5,3.4,2.7,1.9,7.6,3.2,8.2,3.4,,9.2,21.8,23.4,47.1,15.0,20.6,48,36.6,15.3,
"Copra meal, oil < 5%",Oil byproducts,2,,Standardized Ileal,234,3.1,7.4,7.1,14.3,6.1,3.2,3.1,9.5,4.7,11,24.7,4.6,"Byproduct of oil manufacture obtained after extraction from the dried kernels (copra) of the coconut fruit (Cocos nucifera L.). This product has a low content in residual oil and results from mechanical pressure followed by solvent extraction. Other names: copra oil meal, coconut meal, coconut oil meal.",,,2.1,5.0,5.5,11.0,3.4,2.8,2.0,7.9,3.3,8.6,3.6,,9.1,21.2,23.4,47.1,14.6,20.4,48,36.7,15.3,
Corn germ meal,Oil byproducts,"1,19",,True ileal,134,0.9,5,4.7,14.9,4.3,2.8,2.9,6.3,4.8,6.8,6.7,3.9,,,,0.6,3.5,3.5,11.8,2.6,2.2,1.9,5.1,3.6,4.9,3.0,,4.4,25.7,26.3,87.8,19.3,30.4,65,36.5,22.7,
"Cottonseed meal, oil 5-20%, crude fibre 15-20%",Oil byproducts,2,,Standardized Ileal,366,4.8,12.1,11.7,21.1,15.2,5.5,6.1,19.1,10.5,16.1,40.3,11.3,Byproduct of oil manufacture obtained by extraction of partially dehulled cotton seeds (Gossypium spp.). This product has a high content in residual oil and results from mechanical pressure only. ,,,3.4,8.5,8.9,16.5,10.5,4.4,4.1,15.3,8.1,11.9,8.6,,9.3,23.1,24.3,45.0,28.7,23.2,64,32.6,23.5,
"Cottonseed meal, oil 5-20%, crude fibre < 15%",Oil byproducts,2,,Standardized Ileal,455,5.9,14.4,14.4,25.9,18.2,6.4,7.9,23.6,12.7,20.5,50.2,13.2,Byproduct of oil manufacture obtained by extraction of dehulled cottonseeds (Gossypium spp.). This product has a high content in residual oil and results from mechanical pressure only. ,,,5.1,11.8,12.0,21.8,13.8,5.2,6.9,21.7,11.2,17.2,12.1,,11.3,26.0,26.3,47.8,30.4,26.6,72,37.8,26.7,
"Cottonseed meal, oil < 5%, crude fibre 15-20%",Oil byproducts,2,,Standardized Ileal,407,5.3,13.2,13,23.3,16.6,5.9,6.9,21.2,11.5,18.1,44.9,12.2,Byproduct of oil manufacture obtained by extraction of partially dehulled cotton seeds (Gossypium spp.). This product has a low content in residual oil and results from mechanical pressure followed by solvent extraction.,,,4.2,10.2,10.4,19.1,11.8,4.4,5.0,18.4,9.5,14.7,10.2,,10.3,25.0,25.6,46.9,29.0,22.9,69,36.0,25.2,
"Cottonseed meal, oil < 5%, crude fibre < 15%",Oil byproducts,2,,Standardized Ileal,470,6.1,14.8,14.8,26.7,18.7,6.6,8.2,24.3,13.1,21.3,51.8,13.5,Byproduct of oil manufacture obtained by extraction of dehulled cotton seeds (Gossypium spp.). This product has a low content in residual oil and results from mechanical pressure followed by solvent extraction.,,,5.0,11.2,11.5,21.4,13.3,5.1,6.2,20.9,11.0,17.0,11.2,,10.6,23.9,24.6,45.4,28.2,24.1,68,36.3,23.8,
Grapeseed oil meal,Oil byproducts,2,,Standardized Ileal,117,1.1,4.1,4.2,7.6,4.6,1.2,1.4,4,2.4,4.4,6.1,2.4,Byproduct of oil manufacture obtained by extraction of grape seeds (Vitis vinifera L.).,,,0.6,2.1,2.6,4.9,2.2,0.8,0.6,2.7,1.5,2.6,1.5,,4.9,17.9,22.6,41.6,18.5,12.1,36,22.2,12.5,
"Groundnut meal, oil 5-20%/groundnut cake, groundnut oil cake, peanut cake, peanut oil cake, peanut meal, peanut oil meal.",Oil byproducts,2,,Standardized Ileal,484,5,13.4,15.8,30.9,16.4,5.1,5.8,23.7,17.4,19.3,55.6,11.2,Byproduct of oil manufacture obtained by extraction of groundnut seeds (Arachis hypogaea L.). This product has a high content in residual oil and results from mechanical pressure only.,,,4.0,10.6,13.0,26.3,13.1,4.3,4.5,20.1,14.6,15.6,9.4,,8.3,21.9,26.8,54.3,27.1,18.3,72,32.3,19.4,
"Groundnut meal, oil < 5%, crude fibre < 9%",Oil byproducts,2,,Standardized Ileal,553,6.4,14.8,17.8,34.5,18.1,5.5,4.4,26.6,20.1,21.4,63.9,12.4,"Byproduct of oil manufacture obtained by extraction of groundnut seeds (Arachis hypogaea L.). The relatively low fibre content is due to the limited amount of skins and shells. It has a low content in residual oil and results from mechanical pressure followed by solvent extraction. Other names: peanut meal, peanut oil meal.",,,4.8,13.2,16.4,32.4,15.9,5.1,3.9,25.3,19.1,19.7,11.2,,8.7,23.8,29.6,58.6,28.8,16.2,80,35.6,20.2,
"Groundnut meal, oil < 5%, crude fibre > 9%",Oil byproducts,2,,Standardized Ileal,539,5.5,14.5,17.4,33.7,17.8,5.4,6,26,19.5,21,62.2,12.2,"Byproduct of oil manufacture obtained by extraction of groundnut seeds (Arachis hypogaea L.). The relatively high fibre content is due to the presence of skins and shells. It has a low content in residual oil and results from mechanical pressure followed by solvent extraction. Other names: peanut meal, peanut oil meal.",,,4.1,12.9,16.0,31.7,15.7,5.0,5.3,24.7,18.5,19.3,11.0,,7.7,23.9,29.7,58.8,29.1,19.0,80,35.8,20.4,
"Linseed meal, oil < 5%/flaxseed meal, flaxseed oil meal.",Oil byproducts,2,,Standardized Ileal,364,5.5,13.9,15.5,21.7,14.3,6.8,6.7,17.6,8.8,18.5,34.1,9.7,Byproduct of oil manufacture obtained by extraction of linseeds (Linum usitatissimum L.). This product has a low content in residual oil and results from mechanical pressure followed by solvent extraction. ,,,4.4,10.0,12.2,17.4,11.2,6.0,5.0,14.8,6.5,14.2,7.7,,12.1,27.5,33.6,47.7,30.6,30.2,59,39.1,21.1,
"Linseed meal, oil > 5%/flaxseed meal, flaxseed oil meal.",Oil byproducts,2,,Standardized Ileal,354,5.4,13.6,15.2,21.2,13.9,6.6,6.6,17.2,8.6,18,33.2,9.4,Byproduct of oil manufacture obtained by extraction of linseeds (Linum usitatissimum L.). This product has a high content in residual oil and results from mechanical pressure only.,,,4.6,10.5,12.9,18.2,10.8,6.0,5.2,15.0,7.1,15.1,7.7,,13.1,29.6,36.5,51.5,30.6,31.7,62,42.7,21.8,
"Olive oil cake, with pits, oil < 5%",Oil byproducts,2,,Standardized Ileal,115,1.1,7.1,7,12,1,1.7,1.3,6.6,3.6,7.7,8.1,1.9,Byproduct of oil manufacture obtained by extraction of olive fruits (Olea europaea L.). This product contains pits. It has a low content in residual oil and results from mechanical pressure followed by solvent extraction.,,,0.6,3.8,4.5,7.9,0.5,1.2,0.6,4.6,2.3,4.6,1.2,,5.2,32.7,39.0,68.9,4.3,15.3,60,40.2,10.2,
"Olive oil cake, with pits, oil > 5%",Oil byproducts,2,,Standardized Ileal,89,0.9,5.5,5.4,9.3,0.8,1.3,1,5.1,2.8,6,6.3,1.5,Byproduct of oil manufacture obtained by extraction of olive fruits (Olea europaea L.). This product contains pits. It has a high content in residual oil and results from mechanical pressure only.,,,0.5,3.0,3.5,6.2,0.4,0.9,0.5,3.6,1.8,3.7,0.9,,5.6,33.4,39.4,70.0,4.5,15.4,61,41.1,10.6,
"Olive pulp, oil < 10%",Oil byproducts,2,,Standardized Ileal,123,1.2,7.6,7.5,12.9,1,1.8,1.4,7.1,3.9,8.3,8.8,2,"Byproduct of oil manufacture obtained by extraction of olive fruits (Olea europaea L.). This product does not contain pits. It has a relatively low content in residual oil and results from mechanical pressure, possibly followed by solvent extraction.",,,0.7,4.6,5.3,9.2,0.6,1.3,0.8,5.3,2.7,5.5,1.4,,6.0,37.1,42.7,74.5,4.7,17.1,65,44.5,11.1,
"Olive pulp, oil > 10%",Oil byproducts,2,,Standardized Ileal,116,1.2,7.2,7.1,12.2,1,1.7,1.3,6.7,3.7,7.8,8.3,1.9,Byproduct of oil manufacture obtained by extraction of olive fruits (Olea europaea L.). This product does not contain pits. It has a relatively high content in residual oil and results from mechanical pressure only.,,,0.7,4.3,5.0,8.7,0.6,1.3,0.7,5.0,2.6,5.1,1.3,,6.3,37.2,42.8,74.7,5.0,17.0,65,44.4,11.1,
"Palm kernel meal, oil 5-20%",Oil byproducts,2,,Standardized Ileal,170,1.1,5.4,6,10.6,5,3,2.1,6.8,4.2,8.5,21.7,3.7,Byproduct of oil manufacture obtained by extraction of palm fruit kernels (Elaeis guineensis Jacq. or Elaeis melanococca auct.). This product has a high content in residual oil and results from mechanical pressure only. ,,,0.6,2.8,4.0,7.4,1.9,2.0,1.0,5.1,2.8,5.6,2.3,,3.4,16.5,23.3,43.6,10.9,17.8,47,33.0,13.3,
"Palm kernel meal, oil < 5%",Oil byproducts,2,,Standardized Ileal,183,1.2,6,6.6,11.9,5.5,3.3,2.4,7.6,4.9,9.1,26.2,4.7,Byproduct of oil manufacture obtained by extraction of palm fruit kernels (Elaeis guineensis Jacq. or Elaeis melanococca auct.). This product has a low content in residual oil and results from mechanical pressure followed by solvent extraction. ,,,0.6,3.1,4.4,8.3,2.0,2.2,1.1,5.7,3.3,6.0,2.9,,3.4,17.0,23.8,45.5,11.1,18.4,49,32.8,15.7,
"Rapeseed meal, oil 5-20%/rapeseed cake/rapeseed meal/canola cake/canola meal ",Oil byproducts,2,,Standardized Ileal,337,4.2,14.7,13.6,23,18.4,6.8,8.1,13,9.6,17.3,19.6,9.1,"Byproduct of oil manufacture obtained by extraction of rapeseeds (Brassica napus L., Brassica rapa L. and Brassica juncea L., and their crosses) from varieties having a low content in erucic acid and glucosinolates (""00"" in Europe, canola in North America). This product has a high content in residual oil and results from mechanical pressure only. ",,,2.8,11.2,10.6,18.9,14.2,6.1,6.5,10.9,8.0,13.3,7.7,,8.4,33.2,31.5,56.0,42.0,37.2,56,39.5,23.0,
"Rapeseed meal, oil < 5%/rapeseed cake/rapeseed meal/canola cake/canola meal ",Oil byproducts,2,,Standardized Ileal,381,4.7,16.4,15.3,26,20.4,7.7,9.1,14.7,10.8,19.5,22.1,10.5,"Byproduct of oil manufacture obtained by extraction of rapeseeds (Brassica napus L., Brassica rapa L. and Brassica juncea L., and their crosses) from varieties having a low content in erucic acid and glucosinolates (""00"" in Europe, canola in North America). This product has a low content in residual oil and results from mechanical pressure followed by solvent extraction. ",,,3.8,12.3,11.9,21.3,15.3,6.7,7.4,12.2,8.6,15.0,8.8,,9.9,32.3,31.3,56.0,40.2,36.9,55,39.4,23.1,
"Sesame meal, oil > 5%/sesame cake, sesame oil cake.",Oil byproducts,2,,Standardized Ileal,451,5,13.3,15,28,10.6,11.6,8,19.1,13.9,19.3,46.3,10.1,Byproduct of oil manufacture obtained by extraction of sesame seeds (Sesamum indicum L.). This product has a high content in residual oil and results from mechanical pressure only. ,,,3.6,11.8,13.7,25.8,9.1,10.9,7.5,18.0,12.6,17.4,9.3,,7.9,26.2,30.3,57.1,20.2,40.9,68,38.5,20.6,
"Sheanut oil meal, oil > 5%",Oil byproducts,2,,Standardized Ileal,135,1.9,5.1,6,10.2,5.3,2.8,2.2,4.9,4.2,7.5,11.3,3.7,Byproduct of oil manufacture obtained by extraction of sheanut seeds (Vitellaria paradoxa C. F. Gaertn.) for the production of sheanut butter. This product has a high content in residual oil and results from mechanical pressure only. Value in bold indicates adult pig digestibility not standardised,,,1.3,3.5,4.5,7.9,3.6,2.2,1.4,3.9,3.2,5.5,2.8,,9.7,25.7,33.3,58.2,26.3,27.0,52,40.6,20.6,
"Soybean meal, oil 5-20%",Oil byproducts,2,,Standardized Ileal,470,6.3,18.3,21.6,35.7,29.2,6.7,7.2,23.7,16.6,22.6,34.3,12.7,Byproduct of oil manufacture obtained by extraction of soybean seeds (Glycine max (L.) Merr.). This product has a high content in residual oil and results from mechanical pressure only,,,5.6,15.9,19.4,32.1,26.3,6.2,6.3,21.6,15.3,19.9,11.6,,11.9,33.9,41.4,68.4,55.9,26.4,78,42.3,24.6,
"Soybean meal, oil < 5%, 46% protein + oil",Oil byproducts,2,,Standardized Ileal,495,6.8,19.1,22.7,37.7,30.8,7.1,7.7,25,17.5,23.9,36.2,13.3,"Byproduct of oil manufacture obtained by extraction of soybean seeds (Glycine max (L.) Merr.), with partial reintroduction of the hulls. This product has a low content in residual oil and results from mechanical pressure followed by solvent extraction. It should contain about 46% (as fed) of protein + oil.",,,6.1,16.4,20.2,33.6,27.4,6.5,6.6,22.5,15.9,21.0,12.0,,12.2,33.2,40.8,67.8,55.4,26.4,78,42.5,24.2,
"Soybean meal, oil < 5%, 48% protein + oil",Oil byproducts,2,,Standardized Ileal,526,7.3,20.1,24,40.2,32.7,7.5,8.2,26.6,18.5,25.3,38.4,14.1,"Byproduct of oil manufacture obtained by extraction of soybean seeds (Glycine max (L.) Merr.), with partial reintroduction of the hulls. This product has a low content in residual oil and results from mechanical pressure followed by solvent extraction. It should contain about 48% (as fed) of protein + oil.",,,6.5,17.5,21.4,35.8,29.4,6.8,7.1,23.9,16.8,22.3,12.8,,12.4,33.2,40.6,68.0,56.0,26.4,78,42.3,24.4,
"Soybean meal, oil < 5%, 48% protein + oil, extruded",Oil byproducts,2,,Standardized Ileal,526,7.3,20.1,24,40.2,32.7,7.5,8.2,26.6,18.5,25.3,38.4,14.1,"Extuded byproduct of oil manufacture obtained by extraction of soybean seeds (Glycine max (L.) Merr.), with partial reintroduction of the hulls. This product has a low content in residual oil and results from mechanical pressure followed by solvent extraction. It should contain about 46% (as fed) of protein + oil.",,,6.5,17.5,21.4,35.8,29.4,6.8,7.1,23.9,16.8,22.3,12.8,,12.4,33.2,40.6,68.0,56.0,26.4,78,42.3,24.4,
"Soybean meal, oil < 5%, 50% protein + oil",Oil byproducts,2,,Standardized Ileal,552,7.7,20.9,25.1,42.2,34.3,7.9,8.7,27.9,19.4,26.6,40.3,14.7,"Byproduct of oil manufacture obtained by extraction of soybean seeds (Glycine max (L.) Merr.), without reintroduction of the hulls. This product has a low content in residual oil and results from mechanical pressure followed by solvent extraction. It should contain about 50% (as fed) of protein + oil.",,,7.0,18.6,22.8,38.4,31.6,7.3,7.7,25.7,18.0,23.9,13.5,,12.7,33.7,41.4,69.6,57.2,27.2,79,43.4,24.5,
"Soy bean meal/SBM-43, with hulls (43 g/100 g protein",Oil byproducts,12,,Standardized Ileal,433,5.9,17,20.8,34,28.1,6,5.8,22.5,16.1,21.4,31.3,11.4,Solvent extracted soybean meal,,,5.4,14.2,18.2,29.6,24.4,5.4,4.7,19.8,14.1,18.3,10.0,,12.4,32.9,42.1,68.5,56.5,23.3,78,42.4,23.2,
"Soy bean meal/SBM-47, without hulls (47 g/100 g protein)",Oil byproducts,12,,Standardized Ileal,467,6.5,18.1,23.6,37.8,30.7,6.6,6.6,24.9,17.2,24.4,35.5,12.8,Solvent extracted soybean meal,,,5.9,15.5,21.1,33.6,27.3,6.0,5.5,22.3,15.5,21.4,11.6,,12.7,33.2,45.1,72.0,58.4,24.5,81,45.8,24.8,
"Sunflower meal, oil 5-20%, dehulled",Oil byproducts,2,,Standardized Ileal,360,4.6,13,14.7,22,12.9,8.1,6.1,15.8,8.4,17.6,29.2,8.6,Byproduct of oil manufacture obtained by extraction of dehulled or partially dehulled sunflower seeds (Helianthus annuus L.). This product has a high content in residual oil and results from mechanical pressure only,,,3.9,10.5,12.5,18.7,10.6,7.5,5.0,13.7,7.5,14.6,7.2,,10.7,29.3,34.7,51.9,29.4,34.6,59,40.6,20.1,
"Sunflower meal, oil 5-20%, non dehulled",Oil byproducts,2,,Standardized Ileal,258,3.4,9.5,10.5,15.6,9.7,5.8,4.4,11.3,6.1,12.4,20.3,6.3,Byproduct of oil manufacture obtained by extraction of whole sunflower seeds (Helianthus annuus L.). This product has a high content in residual oil and results from mechanical pressure only.,,,2.6,6.9,8.2,12.3,7.4,5.0,3.2,9.3,5.2,9.4,5.1,,9.9,26.9,31.7,47.8,28.6,31.6,56,36.5,19.8,
"Sunflower meal, oil < 5%, dehulled",Oil byproducts,2,,Standardized Ileal,404,5.1,14.6,16.6,24.8,14.4,9.1,6.8,17.8,9.3,19.9,33.2,9.7,Byproduct of oil manufacture obtained by extraction of dehulled or partially dehulled sunflower seeds (Helianthus annuus L.). This product has a low content in residual oil and results from mechanical pressure followed by solvent extraction.,,,4.3,12.0,13.9,21.1,12.0,8.3,5.6,15.5,8.2,16.5,8.1,,10.6,29.6,34.5,52.2,29.6,34.3,59,40.9,20.2,
"Sunflower meal, oil < 5%, non dehulled",Oil byproducts,2,,Standardized Ileal,307,3.9,11.2,12.5,18.7,11.2,6.9,5.2,13.5,7.2,14.9,24.6,7.4,Byproduct of oil manufacture obtained by extraction of whole (non-dehulled) sunflower seeds (Helianthus annuus L.). This product has a low content in residual oil and results from mechanical pressure followed by solvent extraction.,,,2.9,8.2,9.8,14.8,8.5,5.9,3.7,11.1,6.2,11.3,6.0,,9.5,26.6,31.8,48.1,27.7,31.5,56,36.9,19.5,
,,,,,,,,,,,,,,,,,,,,,,,,,,,,,,,,,,,,,,,,,,
"Fish meal, protein 62%",Fish & fish products,2,,Standardized Ileal,678,6.6,28.1,27.7,48.5,50.7,18,6,26.5,20.4,33.8,40.5,17.6,Fish product or fishery byproduct obtained by processing whole or parts of fish. This type of fish meal contains 58-63% protein (as fed),,,5.7,25.0,25.2,44.6,46.1,16.6,5.2,24.1,18.6,30.4,15.7,,8.4,36.9,37.2,65.8,68.0,32.0,63,44.9,23.1,
"Fish meal, protein 65%",Fish & fish products,2,,Standardized Ileal,707,7.1,29.3,29.3,50.7,53.1,19.2,6.1,27.6,21.5,35.2,43.9,17.7,Fish product or fishery byproduct obtained by processing whole or parts of fish. This type of fish meal contains 63-68% protein (as fed). Note: it is recommended to check the regulatory status of this product before using it for livestock feeding.,,,6.3,27.0,27.2,47.7,49.4,17.9,5.2,25.4,19.8,32.4,15.8,,8.9,38.1,38.5,67.4,69.8,32.7,64,45.8,22.3,
"Fish meal, protein 70%",Fish & fish products,2,,Standardized Ileal,748,7.7,31,31.5,53.7,56.4,20.8,6.3,29.1,23.1,37.2,48.8,17.8,Fish product or fishery byproduct obtained by processing whole or parts of fish. This type of fish meal contains 68-75% protein (as fed). Note: it is recommended to check the regulatory status of this product before using it for livestock feeding.,,,7.1,29.1,29.6,51.0,53.6,19.8,5.4,27.1,21.5,34.6,16.4,,9.5,39.0,39.6,68.2,71.6,33.7,65,46.3,21.9,
Fish (Chinese),Fish & fish products,1,,Standardized Ileal,,,,,,,,,,,,,,,,,,,,,,,,,,,,,,,,,,,,,,AA composition data not reported
"Fish soluble, hydrolysed, (FS Peptide, France), 89% protein",Fish & fish products,15,,Standardized Ileal,890.4,,20.30112,13.08888,25.8216,53.424,12.10944,1.3356,15.67104,0,16.0272,43.89672,13.53408,,,,,16.8,10.0,20.6,44.1,10.0,1.1,12.7,0.0,11.8,10.6,,,18.9,11.2,23.1,49.6,12.5,14,13.2,11.9,
Shrimp meal,Fish & fish products,2,,Standardized Ileal,433,4.3,15.9,16.3,26.1,22,9.6,3.9,23.3,16.1,20.1,25.8,9.1,"Dried byproduct of the shrimp processing industry, consisting of soft tissues and shells of shrimps and prawns",,,3.2,11.6,12.9,21.1,16.1,7.9,2.8,19.1,12.9,15.5,7.2,,7.3,26.8,29.7,48.8,37.1,24.6,74,35.7,16.6,
,,,,,,,,,,,,,,,,,,,,,,,,,,,,,,,,,,,,,,,,,,
"Beef, Boiled (86,3 g/100 g dm protein), topside steak",Animal products,5,,True Ileal,863,,39.4,35,63.8,60.7,22.3,,29.1,27,37.3,58.2,28.4,,,,,37.8,34.8,63.4,60.1,22.1,,28.7,26.7,36.8,27.7,,,43.8,40.3,73.4,69.6,,64,42.7,32.1,
"Beef, raw (81,2 g/100 g dm protein), topside steak",Animal products,5,,True Ileal,812,,34.9,31.9,57.3,58.6,19.9,,27,24.4,33.7,52,30.1,,,,,33.5,30.6,57.3,58.0,19.7,,26.7,24.2,33.0,29.2,,,41.3,37.7,70.6,71.4,,63,40.7,36.0,
"Beef, grilled (88,4 g/100 g dm protein),  topside steak",Animal products,5,,True Ileal,884,,35.4,31.9,57.5,57.3,19.7,,26.8,24.3,31.3,53.5,29.3,,,,,32.9,31.3,56.4,56.2,19.3,,26.3,23.8,30.4,28.7,,,37.2,35.4,63.7,63.5,,57,34.3,32.5,
"Beef, pan fried (83,8 g/100 g dm protein), topside steak",Animal products,5,,True Ileal,838,,38.8,35.2,60.9,54.1,21.3,,27.5,25.4,36.4,58.6,31.9,,,,,37.2,33.1,60.3,53.6,21.1,,27.2,25.1,35.7,30.3,,,44.4,39.5,71.9,63.9,,62,42.6,36.2,
"Beef, roasted (84,6 g/100 g dm protein),  topside steak",Animal products,5,,True Ileal,846,,33.6,31.1,55.4,54.2,19.2,,26.2,23.8,33.3,50.7,29.6,,,,,31.9,30.8,54.8,53.7,19.0,,25.7,23.3,32.6,28.7,,,37.7,36.4,64.8,63.4,,58,38.6,33.9,
"Black soldier fly larvae, fat < 20%, dried",Animal products,2,,Standardized Ileal,566,8.1,21.6,24.5,39.1,31.2,10.4,3.1,21.7,34.5,34.2,26.9,26.7,"Larvae of black soldier fly (Hermetia illucens Linnaeus 1758), defatted or partially defatted, dehydrated.",,,6.2,18.8,22.1,35.6,27.8,8.2,2.6,21.3,28.3,30.1,22.4,,11.0,33.2,39.0,62.9,49.1,19.1,88,53.2,39.6,
"Black soldier fly larvae, fat > 20%, dried",Animal products,2,,Standardized Ileal,411,5.9,15.9,17.2,28.7,23.8,7.4,2.6,16.7,23.3,24.6,20.4,12.8,"Larvae of black soldier fly (Hermetia illucens Linnaeus 1758), not defatted, dehydrated. ",,,4.7,13.8,15.0,25.0,20.7,6.7,2.2,15.9,19.6,20.4,10.4,,11.5,33.7,36.4,60.8,50.4,21.6,86,49.7,25.2,
"Black soldier fly, prepupae, Chinese, 43,1% crude protein",Animal products,11,,Standardized Ileal,431,,16,21.4,28.8,25.4,7,2.7,18.7,23.7,24.6,19.5,12.6,"Grown on chicken manure, China",,,,12.8,16.6,23.3,19.7,6.4,2.2,14.3,19.5,19.9,9.8,,,29.6,38.5,54.1,45.7,19.9,79,46.2,22.7,
bovine muscle hydrolysate (90 g/100 g dm protein),Animal products,6,,Standardized Ileal,900,5.5,31,29,55,68,17,6,25,,36,53,28,"hydrolysates are prototypes from a pilot plant. They are produced by heating, homogenizing raw material followed by fat separation and incubation with an enzyme. Hydrolysis is stopped by heating and thn spray drying",,,4.8,27.3,26.1,50.6,61.9,15.1,4.3,23.0,0.0,32.0,25.8,,5.4,30.3,29.0,56.2,68.8,21.5,26,35.6,28.6,
"bovine collagen hydrolysate (112 g/100 g dm protein, measured as Nitrogen *6,25 so can be slightly above 100)",Animal products,6,protein content was truncated to 1000,Standardized Ileal,1000,0.2,19,17,33,40,9,,23,,26,88,8,"hydrolysates are prototypes from a pilot plant. They are produced by heating, homogenizing raw material followed by fat separation and incubation with an enzyme. Hydrolysis is stopped by heating and thn spray drying",,,0.2,13.5,15.1,26.1,34.4,7.2,0.0,21.4,0.0,20.8,5.8,,0.2,13.5,15.1,26.1,34.4,7.2,21,20.8,5.8,
"Chicken, cooked",Animal products,3,,True Ileal,,,,,,,,,,,,,,(dual stable isotope tracer method),,,,,,,,,,,,,,,,,,,,,,,,AA composition data not reported
"Egg, whole, boiled",Animal products,3,,True Ileal,,,,,,,,,,,,,,(dual stable isotope tracer method),,,,,,,,,,,,,,,,,,,,,,,,AA composition data not reported
Egg white protein,Animal products,3,,True Ileal,,,,,,,,,,,,,,(dual stable isotope tracer method),,,,,,,,,,,,,,,,,,,,,,,,AA composition data not reported
"House fly, prepupae, Chinese, 52,9% crude protein",Animal products,11,,Standardized Ileal,529,,23.2,26.2,35.3,38.3,14.4,3.9,36,34,27.1,27.2,16.1,"Grown on chicken manure, China",,,0.0,21.3,23.0,32.4,35.2,14.2,3.4,32.6,31.5,24.7,14.4,,0.0,40.3,43.5,61.3,66.5,33.3,121,46.6,27.3,
"Mealworm larvae, dried",Animal products,2,,Standardized Ileal,504,8.7,26,30,55.5,32.4,9.8,35.3,21.8,31.8,44.2,29.5,16.2,"Dried larvae of mealworm (Tenebrio molitor Linnaeus 1758), a beetle insect.",,,7.2,23.4,27.0,50.0,29.2,8.8,31.8,19.6,28.6,39.8,14.6,,14.3,46.4,53.6,99.1,57.9,80.5,96,78.9,28.9,
"Mealworm larvae meal, defatted (Korea), 68% crude protein",Animal products,15,,Standardized Ileal,680,,27.88,23.188,48.076,39.576,14.076,5.916,25.432,23.188,32.504,40.868,10.132,,,,0.0,23.2,18.6,38.9,33.0,11.8,4.8,20.5,18.2,26.2,8.2,,0.0,34.1,27.4,57.3,48.6,24.4,57,38.5,12.0,
"Mealworm larvae hydrolysate, defatted (Tenebrior molitor), 58,9% crude protein",Animal products,15,,Standardized Ileal,588.8,,18.78272,10.5984,22.19776,60.99968,17.78176,4.416,12.18816,6.7712,17.78176,18.78272,5.41696,"Hydrolysate was prepared by addition of enzymes: Alcalase 2,4 AU-A/g, Flavourzyme 500 LAPU/g, Denmark)",,,0.0,15.7,8.7,18.2,51.1,14.9,3.7,10.0,5.5,14.6,4.5,,0.0,26.7,14.7,31.0,86.7,31.5,26,24.8,7.6,
"Poultry by-product, fermented, Korea, 71.5% protein",Animal products,15,,Standardized Ileal,715.2,,25.032,21.16992,43.55568,22.31424,14.01792,4.79184,24.60288,20.88384,27.82128,41.91072,20.66928,,,,0.0,20.7,17.5,36.0,18.5,11.6,4.0,20.3,17.2,23.0,17.1,,0.0,29.0,24.5,50.4,25.8,21.8,52,32.2,23.9,
"Processed animal proteins, pig",Animal products,2,,Standardized Ileal,551,3.5,18.4,16.1,33.4,27.9,7.1,6.1,18.9,12.4,24.6,38.2,11,"Slaugherhouse byproduct obtained from healthy pigs slaughtered for human consumption. The product is ground, sterilized by cooking, and dried.",,,2.8,15.1,13.5,28.4,23.4,6.1,4.1,16.1,10.2,20.4,8.7,,5.1,27.4,24.5,51.5,42.5,18.5,48,37.1,15.8,
"Processed animal proteins, poultry, protein 45-60%",Animal products,2,,Standardized Ileal,575,5,23,23.1,40.1,26.4,8.1,15.1,22.6,15,31.6,37.9,10.3,"Slaugherhouse byproduct obtained from healthy poultry slaughtered for human consumption. The product is ground, sterilized by cooking, and dried. The product must be substantially free of feathers",,,3.7,17.7,18.7,32.1,20.9,6.6,10.4,18.1,11.4,23.7,7.7,,6.4,30.8,32.5,55.8,36.3,29.5,51,41.2,13.4,
"Processed animal proteins, poultry, protein 60-70%",Animal products,2,,Standardized Ileal,675,4.8,27.1,26.9,47.8,32.7,11.7,9.1,26.9,18.5,34.9,44.9,12.6,"Slaugherhouse byproduct obtained from healthy poultry slaughtered for human consumption. The product is ground, sterilized by cooking, and dried. The product must be substantially free of feathers.",,,3.4,20.9,22.3,39.2,26.2,9.6,6.1,22.3,15.2,27.9,8.6,,5.0,30.9,33.1,58.1,38.8,23.2,56,41.4,12.7,
"Processed animal proteins, poultry, protein > 70%",Animal products,2,,Standardized Ileal,822,5.9,33.3,32.5,59.1,42.1,10,25.2,33.3,23.6,39.9,55.3,16.1,"Slaugherhouse byproduct obtained from healthy poultry slaughtered for human consumption. The product is ground, sterilized by cooking, and dried. The product must be substantially free of feathers",,,4.1,25.6,27.0,48.5,33.7,8.2,16.9,27.6,19.4,31.9,10.9,,5.0,31.2,32.8,59.0,41.0,30.5,57,38.8,13.3,
Porcine plasma hydrolysate (66 g/100 g dm protein),Animal products,6,,Standardized Ileal,660,11.5,31,26,59,61,5,16,38,,47,34,22,"hydrolysates are prototypes from a pilot plant. They are produced by heating, homogenizing raw material followed by fat separation and incubation with an enzyme. Hydrolysis is stopped by heating and thn spray drying",,,9.5,22.3,21.8,50.2,51.9,3.6,11.8,33.4,0.0,39.0,18.0,,14.5,33.8,33.1,76.0,78.6,23.4,51,59.1,27.3,
Porcine heart hydrolysate (78 g/100 g dm protein),Animal products,6,,Standardized Ileal,780,5.6,25,23,52,58,14,7,23,,35,41,14,"hydrolysates are prototypes from a pilot plant. They are produced by heating, homogenizing raw material followed by fat separation and incubation with an enzyme. Hydrolysis is stopped by heating and thn spray drying",,,5.0,20.8,20.5,47.8,51.6,12.6,4.5,20.9,0.0,30.8,12.0,,6.5,26.6,26.2,61.3,66.2,21.9,27,39.5,15.4,
Porcine muscle hydrolysate (91 g/100 g dm protein),Animal products,6,,Standardized Ileal,910,3.7,25,24,48,61,15,5,22,,32,54,22,"hydrolysates are prototypes from a pilot plant. They are produced by heating, homogenizing raw material followed by fat separation and incubation with an enzyme. Hydrolysis is stopped by heating and thn spray drying",,,3.3,22.8,21.6,44.6,56.7,14.1,3.7,20.2,0.0,28.8,21.3,,3.6,25.0,23.7,49.1,62.3,19.5,22,31.6,23.5,
,,,,,,,,,,,,,,,,,,,,,,,,,,,,,,,,,,,,,,,,,,
Casein,Milk products,"1,19",,True ileal,872,11.3,37.5,45.3,84.6,69.8,26.2,3.5,45.3,48.8,58.4,31.4,27,,,,11.0,34.5,43.5,82.1,67.7,25.4,3.2,44.4,47.8,55.5,26.2,,12.6,39.6,49.9,94.1,77.6,32.8,106,63.6,30.0,
Infant formula (cow based),Milk products,1,,Standardized Ileal,,,,,,,,,,,,,,,,,,,,,,,,,,,,,,,,,,,,,,AA composition data not reported 
"Cheese whey (CP<17,5%)",Milk products,"1,19",,True ileal,150,2.1,8.4,8.1,13.2,9.6,2.1,3.2,4.2,3.6,7.7,3.5,2.4,,,,1.8,7.4,7.0,11.6,8.6,1.9,2.8,3.7,3.2,6.8,2.2,,11.8,49.3,47.0,77.4,57.6,31.4,47,45.2,14.4,
"Cheese whey (CP 17,5-27,5%)",Milk products,"1,19",,True ileal,209,2.9,11.7,11.3,18.4,13.4,2.9,4.4,5.9,5,10.7,4.8,3.3,,,,2.5,10.3,9.9,16.2,12.1,2.7,3.9,5.1,4.5,9.4,2.9,,11.8,49.3,47.6,77.5,57.7,31.5,46,45.1,14.1,
"Cheese whey (CP>27,5%)",Milk products,"1,19",,True ileal,335,4.7,18.8,18.1,29.5,21.4,4.7,7,9.4,8,17.1,7.7,5.4,,,,4.0,16.5,15.9,26.0,19.5,4.2,6.4,8.3,7.0,15.2,4.7,,11.9,49.4,47.5,77.5,58.1,31.5,46,45.4,14.0,
"Milk powder, skimmed, dried",Milk products,2,,Standardized Ileal,360,4.7,15.7,19.6,33.7,28.3,10.2,2.8,17.3,15.3,22.2,13.2,9.9,,,,4.6,14.3,17.2,32.4,27.5,9.9,2.4,17.0,14.8,19.8,9.4,,12.7,39.7,47.9,89.9,76.3,34.0,88,54.9,26.1,
Skim milk powder,Milk products,"1,19",,Standardized Ileal,356,4.6,15.7,18.5,34.5,27.8,9.6,2.8,17.1,16,22.4,12.5,10,,,,4.1,14.1,16.1,32.8,26.7,9.2,2.4,16.6,15.2,19.7,9.4,,11.5,39.7,45.2,92.1,75.0,32.6,89,55.4,26.4,
Milk protein concentrate,Milk products,1,,Standardized Ileal,,,,,,,,,,,,,,,,,,,,,,,,,,,,,,,,,,,,,,AA composition data not reported 
"Milk powder, whole, dried",Milk products,2,,Standardized Ileal,254,3.4,11.4,13.8,23.2,19.7,5.7,2.1,11.9,9.2,14.9,9,7,,,,3.3,10.7,12.3,22.5,17.5,5.5,2.0,11.7,9.0,13.7,6.8,,13.0,42.2,48.4,88.6,69.0,29.4,81,54.0,26.7,
whey permeate,Milk products,2,,Standardized Ileal,58,0.8,2.9,2.7,3.9,4.3,0.7,1,1.3,0.4,2.5,0.9,1.1,"Dried byproduct of ultrafiltration of whey, consisting of low-molecular weight compounds, particularly lactose and minerals. It also includes non-protein nitrogen compounds and vitamins.",,,0.7,2.5,2.4,3.5,3.8,0.6,0.9,1.2,0.4,2.2,1.0,,12.0,42.5,41.0,61.2,66.0,26.3,26,37.5,17.3,
"whey powder, acid",Milk products,2,,Standardized Ileal,93,1.3,5,4.8,7.3,6.9,1.3,1.7,2.5,1.2,4.5,1.9,1.8,Dried byproduct of the manufacturing of soft or fresh cheese. Whey is the liquid that separates from the curd.,,,1.1,4.3,4.2,6.6,6.1,1.2,1.5,2.3,1.1,3.9,1.6,,12.2,45.7,45.4,71.4,66.0,28.9,36,42.1,17.6,
"whey powder, sweet",Milk products,2,,Standardized Ileal,113,1.6,6.2,5.9,9.2,8.4,1.7,2,3.1,1.7,5.6,2.4,2.2,Dried byproduct of the manufacturing of pressed cheese. Whey is the liquid that separates from the curd.,,,1.4,5.3,5.2,8.4,7.5,1.6,1.8,2.8,1.5,4.9,2.0,,12.3,46.6,45.9,74.1,66.2,29.4,38,43.1,17.7,
"whey, dehydrated",Milk products,2,,Standardized Ileal,150,2.1,8.6,8.1,12.8,11.2,2.3,2.7,4.4,2.6,7.7,3.4,2.9,"Dried byproduct of the manufacturing of cheese, non skimmed or to which milk fat has been reincorporated up to a content of 4-15% (as fed). Whey is the liquid that separates from the curd.",,,1.8,7.3,7.1,11.6,10.0,2.1,2.4,4.0,2.3,6.7,2.6,,12.2,48.7,47.5,77.7,66.5,29.9,42,44.7,17.6,
"whey, dried",Milk products,2,,Standardized Ileal,138,1.9,7.8,7.4,11.6,10.3,2.1,2.5,4,2.3,7,3.1,2.7,"Dried byproduct of the manufacturing of cheese, to which milk fat has been reincorporated up to a content of 15-30% (as fed). Whey is the liquid that separates from the curd.",,,1.7,6.6,6.5,10.6,9.2,1.9,2.2,3.6,2.1,6.1,2.5,,12.0,48.0,47.2,76.5,66.4,29.9,41,44.1,17.8,
"whey protein isolate, (90,6% proteins, Fonterra)",Milk products,10,,True ileal,906,13.0464,74.3826,74.0202,103.1934,91.3248,22.4688,22.5594,27.8142,27.7236,61.3362,19.932,15.6738,Naso-ileal intubation method used to continously collect postprandal ileal digesta from healthy volunteers,,,11.7,65.0,71.5,100.5,88.4,22.1,21.2,26.5,26.1,56.7,15.0,,12.9,71.8,78.9,110.9,97.6,47.8,58,62.6,16.5,
,,,,,,,,,,,,,,,,,,,,,,,,,,,,,,,,,,,,,,,,,,
"Apple pomace, dried",Fruits & vegetable products,2,,Standardized Ileal,80,0.8,2.6,3,4.9,3.4,1.2,0.8,3,2.1,3.3,3.4,1.8,"Dried byproduct of apple juice or cider manufacture obtained by pressing apples (Malus communis Poir.). Apple pomace contains the peels, pulp and seeds.",,,0.5,1.6,2.1,3.5,2.0,0.9,0.4,2.2,1.5,2.2,1.2,,6.2,19.5,26.3,43.5,24.7,16.6,46,27.2,15.5,
"Bananas, immature, dried",Fruits & vegetable products,2,,Standardized Ileal,47,0.5,1.2,0.8,2.2,1.7,0.3,0.3,1,0.5,1.3,1.6,3.1,"Dried, immature fruits of the banana tree (Musa sp.). Starch is the main carbohydrate of immature bananas and is transformed into solubles sugars during ripening.",,,0.4,1.0,0.7,1.9,1.4,0.3,0.2,0.9,0.4,1.1,2.7,,8.9,21.2,14.5,40.7,30.7,10.9,28,23.5,57.4,
"Citrus pulp, dried",Fruits & vegetable products,2,,Standardized Ileal,70,0.6,2.2,2.3,3.8,2.4,0.8,0.7,2.8,2,3,3.3,1.4,Dried byproduct of the processing of citrus fruit (Citrus spp.) for juice production or canning. It consists principally of the pulp and can include the skin and the pips. The orange (Citrus × sinensis (L.) Osbeck) is the main cultivated species.,,,0.5,1.7,1.9,3.2,1.9,0.7,0.5,2.4,1.7,2.4,1.1,,6.7,24.2,26.6,45.1,26.7,17.2,57,34.3,16.4,
"Citrus pulp, fresh",Fruits & vegetable products,2,,Standardized Ileal,11,0.1,0.4,0.4,0.6,0.4,0.1,0.1,0.5,0.3,0.5,0.5,0.2,Fresh byproduct of the processing of citrus fruit (Citrus spp.) for juice production or canning. It consists principally of the pulp and can include the skin and the pips. The orange (Citrus × sinensis (L.) Osbeck) is the main cultivated species.,,,0.1,0.3,0.3,0.5,0.3,0.1,0.1,0.4,0.2,0.4,0.2,,7.2,28.4,29.8,45.8,28.7,14.7,61,36.8,15.1,
"Grape pomace, dried",Fruits & vegetable products,2,,Standardized Ileal,136,1.3,4.7,4.9,8.9,5.4,1.4,1.6,4.6,2.8,5.2,7.1,2.8,"Dried byproduct of winery or grape juice manufacture obtained from the pressure of grapes (Vitis vinifera L.). Grape pomace typically contains the pulp, skins, seeds (pips) and sometimes the branches. Grape pomace without the seeds and branches is often called grape marc or grape pulp, but those terms are also used as synonyms.",,,0.8,2.7,3.3,6.1,3.0,1.0,0.8,3.3,1.9,3.3,1.8,,5.6,19.7,24.5,45.2,21.8,13.4,38,24.5,13.6,
"Grape pulp, dried",Fruits & vegetable products,2,,Standardized Ileal,134,1.3,4.7,5,8.7,5.3,1.4,1.6,4.6,2.7,5.2,7,2.7,"dried byproduct of winery or grape juice manufacture obtained from the pressure of grapes (Vitis vinifera L.). Grape pulp typically contains the pulp and skins, but not the seeds (pips) or the branches. It is sometimes synonym of grape marc or grape pomace, though the latter product often contains also the seeds and branches.",,,0.8,2.9,3.6,6.4,3.2,1.1,0.9,3.5,1.9,3.5,1.9,,6.1,21.7,26.5,47.4,23.7,14.6,40,26.4,14.1,
Grape seeds,Fruits & vegetable products,2,,Standardized Ileal,100,1,3.5,3.6,6.5,3.9,1.1,1.2,3.4,2,3.8,5.2,2,Dried byproduct of wine or grape juice manufacture obtained from the pressure of grapes (Vitis vinifera L.). Grape seeds result from the removal of the seeds in certain processes.,,,0.5,1.9,2.3,4.3,1.9,0.8,0.5,2.4,1.3,2.3,1.2,,5.4,18.6,23.4,42.9,19.1,13.1,37,22.8,12.4,
"Tomato pulp, dehydrated",Fruits & vegetable products,2,,Standardized Ileal,205,2.1,6.9,7.8,13.3,10.5,3.9,3.5,10.3,11.2,8.7,19.2,6,"Dried byproduct of the processing of tomato fruits (Solanum lycopersicum Karst.) for juice extraction or canning, consisting of the peels and the fruit pulp.",,,1.3,4.1,5.5,9.4,6.1,2.9,1.9,7.6,7.8,5.7,4.1,,6.2,20.2,26.6,46.1,29.7,23.3,75,28.0,19.9,
,,,,,,,,,,,,,,,,,,,,,,,,,,,,,,,,,,,,,,,,,,
Brewers yeast,Others,2,,Standardized Ileal,476,5,20.6,20.4,28.3,29.1,7.1,3,16.5,12.7,22.5,21.1,10,,,,4.5,17.1,17.1,24.1,25.6,5.8,2.1,14.2,11.3,19.1,8.4,,9.3,35.9,36.0,50.5,53.8,16.6,54,40.2,17.6,
Mustard bran,Others,2,,Standardized Ileal,182,2.2,7.2,5.9,9.4,8.5,2,3.7,5.7,4.9,7.7,8.8,3.8,"Byproduct of mustard manufacture obtained from the processing of the seeds of mustard (Sinapis alba L., Brassica juncea (L.) Czern., Brassica nigra L.), consisting of seed hulls and other seed fractions.",,,1.4,4.6,4.2,7.0,5.4,1.5,2.2,4.3,3.6,5.4,2.7,,7.9,25.3,23.3,38.2,29.4,20.7,43,29.6,15.0,
Single cell protein ,Others,18,,,610,15.5,34.3,32.3,50.2,23.6,14.4,13.5,27.6,14.9,39,38.8,9.5,,,,13.1,27.1,25.3,39.7,21.0,12.1,10.8,21.9,11.9,33.8,7.2,,21.4,44.4,41.4,65.0,34.4,37.5,55,55.4,11.8,
Soy bean meal ,Legumes & oilseeds,18,,,452,7.1,19.2,20.4,35.7,29.5,6.1,6.7,21.7,15.5,20.7,34.7,10.7,,,,6.3,14.4,16.9,30.8,26.0,5.2,5.1,19.0,13.4,17.5,9.2,,13.9,31.9,37.4,68.1,57.6,23.0,72,38.7,20.4,
Soybean meal (conventionally processed) ,Legumes & oilseeds,20,,,474.4,6.3,17.4,20.5,35.2,28.6,6,6.7,23.5,,21.5,34.4,12,,,,5.6,15.7,19.1,32.7,27.2,5.6,5.8,21.9,0.0,19.6,11.3,,11.8,33.0,40.2,69.0,57.3,24.2,46,41.2,23.8,
"Soybean meal (autoclaved, 110oC, 15 min)",Legumes & oilseeds,20,,,476.4,6.5,18,20.8,36.1,28.9,6.1,6.7,24.3,,21.9,35.1,12.2,,,,5.7,16.0,19.3,33.6,27.2,5.7,5.7,22.8,0.0,19.9,11.3,,12.0,33.6,40.6,70.5,57.0,23.9,48,41.8,23.8,
"Soybean meal (autoclaved, 110oC, 30 min)",Legumes & oilseeds,20,,,479.8,6.4,17.8,20.7,36,28.5,6.1,6.5,24.3,,21.8,34.6,12.1,,,,5.8,16.0,19.3,33.5,26.5,5.7,5.6,22.8,0.0,19.8,11.4,,12.0,33.4,40.1,69.8,55.2,23.5,48,41.3,23.7,
"Soybean meal (autoclaved, 150oC, 3 min)",Legumes & oilseeds,20,,,478.1,6.4,17.7,21.1,36,26,6,5.4,24,,21.8,32,11.8,,,,5.4,14.7,18.4,31.3,21.8,5.3,3.9,21.4,0.0,18.5,10.3,,11.2,30.7,38.4,65.5,45.7,19.3,45,38.8,21.5,
"Soybean meal (autoclaved, 150oC, 6 min)",Legumes & oilseeds,20,,,474.5,6.2,18,21.2,36,24.1,6,4.6,23.5,,22,30.2,12.5,,,,5.1,14.8,18.4,31.7,19.5,5.3,3.2,20.9,0.0,18.7,10.8,,10.8,31.1,38.9,66.8,41.1,17.9,44,39.4,22.7,
"Soybean meal (autoclaved, 150oC, 9 min)",Legumes & oilseeds,20,,,476.6,6.3,18.4,21.6,36.5,22.7,6.1,4.3,24,,22.1,29,12.7,,,,5.2,15.3,18.6,32.1,18.2,5.4,3.0,21.4,0.0,19.0,10.9,,11.0,32.0,39.0,67.4,38.1,17.5,45,39.9,22.9,
"Soybean meal (autoclaved, 150oC, 12 min)",Legumes & oilseeds,20,,,467.5,6.2,18.3,21.4,36.5,21.8,6.2,4.1,23.9,,22.1,27.9,12.8,,,,5.0,14.8,18.2,31.8,16.6,5.3,2.6,21.0,0.0,18.6,10.9,,10.7,31.7,38.9,67.9,35.4,16.9,45,39.7,23.3,
"Soybean meal (autoclaved, 150oC, 15 min)",Legumes & oilseeds,20,,,479.5,6.2,18.3,21.6,36.7,20.1,6.1,3.7,24,,22.4,25.6,12.8,,,,5.1,15.0,18.6,32.3,15.1,5.2,2.4,21.4,0.0,19.0,10.9,,10.6,31.3,38.7,67.4,31.4,15.9,45,39.7,22.7,
"Soybean meal (autoclaved, 150oC, 18 min)",Legumes & oilseeds,20,,,481.4,6.1,17.9,21.4,36.2,19.1,6,3.4,23.7,,22,23.5,12.6,,,,4.7,13.4,16.9,29.7,12.0,4.8,1.6,19.9,0.0,17.4,10.0,,9.8,27.9,35.1,61.7,25.0,13.3,41,36.1,20.7,
whey protein isolate (WPI),Milk products,21,,,852.3,18.3,65.8,59.5,99.1,86.4,19.4,21.4,28.5,26,52.9,19.6,17.1,,,,18.3,61.9,58.3,98.1,84.7,19.0,21.0,27.9,25.7,51.3,17.1,,21.5,72.6,68.4,115.1,99.3,46.9,63,60.2,20.1,
whey protein concentrate (WPC),Milk products,21,,,780.1,15.7,53.9,49.4,92.7,78.3,17.7,19.1,28.7,25.5,48.3,23.8,17.2,,,,15.4,49.0,47.9,90.8,75.2,17.2,18.1,27.6,24.5,45.9,16.7,,19.7,62.9,61.4,116.5,96.4,45.3,67,58.8,21.4,
milk protein concentrate (MPC),Milk products,21,,,679.3,10.1,30.2,36.1,69.1,55,18.3,4.6,34.2,34.2,44.3,24.5,20.4,,,,9.8,28.1,33.6,67.7,52.8,17.8,3.9,33.2,33.5,41.6,20.2,,14.4,41.3,49.4,99.7,77.7,31.9,98,61.3,29.7,
skimmed milk powder (SMP),Milk products,21,,,346.5,5.4,15,18,34.7,29,8.3,2.6,17,16.1,22.7,12,10.7,,,,4.9,12.3,16.0,32.6,27.6,8.0,1.9,16.0,15.3,20.4,10.1,,14.2,35.5,46.2,94.1,79.5,28.5,90,59.0,29.0,
pea protein concentrate (PPC),Legumes & oilseeds,21,,,544.6,4.8,19.5,23.1,40.4,41.1,4.9,6.3,27,17.9,26.1,48.3,14.3,,,,4.2,17.2,21.0,37.2,39.5,4.4,4.7,24.8,16.6,23.2,13.6,,7.7,31.5,38.6,68.2,72.4,16.8,76,42.7,24.9,
soy protein isolate (SPI),Legumes & oilseeds,21,,,926.6,13,33.5,43.8,73.8,56.9,11.8,10.6,48.6,33.1,44.2,69.5,24.1,,,,12.5,30.8,41.6,70.1,55.2,11.3,9.6,46.7,31.8,41.5,23.4,,13.5,33.3,44.9,75.7,59.6,22.6,85,44.8,25.2,
soya flour,Legumes & oilseeds,21,,,522.9,7.9,20,23.5,40,33,7.3,7.2,26,18.2,25.3,37.1,14.3,,,,7.3,17.4,21.6,36.4,30.7,6.8,5.8,23.9,16.9,23.0,13.2,,13.9,33.3,41.3,69.6,58.7,24.1,78,44.0,25.2,
wheat,Cereals & cereal products ,21,,,116.7,1.2,3.4,3.9,7.8,3.9,2.1,2.5,5.2,2.4,5.2,5.6,3,,,,0.9,2.7,3.3,6.7,3.0,1.8,2.2,4.5,2.2,4.3,2.6,,7.6,23.3,28.4,57.5,25.7,34.3,57,37.0,21.9,
"Faba beans (cultivar - Alfred), high tannin",Legumes & oilseeds,22,,,288.8,0.73,3.39,4.26,7.38,6.26,0.73,1.16,4.13,2.9,4.81,8.7,2.77,,,,0.6,2.8,3.5,6.2,5.4,0.6,0.8,3.4,2.3,3.6,2.4,,2.0,9.8,12.2,21.3,18.7,4.6,20,12.4,8.2,
"Faba beans (cultivar - Alfred), high tannin, dehulled, ",Legumes & oilseeds,22,,,321.3,0.84,2.95,4.44,7.7,6.08,0.76,1.11,4.19,2.62,5.11,8.85,2.87,,,,0.7,2.5,3.8,6.7,5.4,0.6,0.8,3.6,2.1,4.1,2.6,,2.2,7.8,11.8,20.8,16.7,4.5,18,12.6,8.1,
Faba beans (cultivar - Blandine ),Legumes & oilseeds,22,,,334.4,0.84,3.5,4.33,7.56,6.57,0.7,1.11,4.34,2.94,4.89,8.69,2.54,,,,0.7,3.1,3.7,6.6,5.8,0.6,0.8,3.8,2.4,3.9,2.2,,2.1,9.2,11.1,19.8,17.4,4.1,19,11.8,6.6,
Lupins (cultivar - Lublanc ),Legumes & oilseeds,22,,,387.5,0.72,3.69,4.87,7.55,4.69,0.64,1.3,3.72,4.65,4.46,10.4,2.24,,,,0.6,2.9,4.1,6.4,3.8,0.5,0.9,3.1,3.9,3.2,1.9,,1.5,7.6,10.7,16.5,9.9,3.6,18,8.2,4.9,
Lupins (cultivar - Australian),Legumes & oilseeds,22,,,329.4,0.76,3.47,4.81,7.34,4.73,0.76,1.43,3.95,2.78,4.32,10.8,2.84,,,,0.7,3.1,4.4,6.7,4.2,0.7,1.2,3.6,2.4,3.6,2.6,,2.1,9.5,13.2,20.3,12.7,5.6,18,10.9,7.9,
Peas (Cultivar - Amino),Legumes & oilseeds,22,,,259.4,0.81,3.61,4.32,7.46,7.66,0.83,1.18,4.89,2.73,4.79,9.16,2.4,,,,0.6,2.9,3.4,6.0,6.6,0.6,0.9,4.0,2.1,3.7,2.0,,2.5,11.0,13.1,23.2,25.4,5.7,23,14.1,7.6,
Peas (Cultivar - Australian),Legumes & oilseeds,22,,,276.9,0.76,3.27,4.33,6.83,7.15,0.78,1.22,4.3,2.61,4.69,10.2,2.33,,,,0.6,2.5,3.4,5.4,6.0,0.5,0.8,3.3,1.9,3.4,1.9,,2.1,9.0,12.2,19.4,21.5,4.8,19,12.3,6.8,
Peas (Cultivar - Finale),Legumes & oilseeds,22,,,250.6,0.88,3.75,4.7,7.26,7.57,1.06,1.35,4.58,2.64,4.98,8.57,2.66,,,,0.7,3.1,3.9,6.0,6.5,0.9,1.0,3.7,2.0,3.7,2.3,,2.9,12.2,15.6,23.9,26.0,7.6,23,14.6,9.0,
"Peas (Cultivar - Frilene), high in trypsin inhibitor",Legumes & oilseeds,22,,,266.9,0.86,3.72,4.47,7.12,6.66,0.89,1.26,4.32,2.56,4.78,10.2,2.44,,,,0.6,2.9,3.4,5.4,5.4,0.6,0.8,3.2,1.8,3.4,2.0,,2.4,10.7,12.7,20.4,20.3,5.3,19,12.8,7.4,
"Peas (Cultivar - Frilene), high in trypsin inhibitor, extruded",Legumes & oilseeds,22,,,268.1,0.75,3.56,3.89,6.72,6.7,0.82,1.46,4.2,3.17,4.64,8.68,2.36,,,,0.7,3.3,3.5,6.1,6.1,0.7,1.3,3.8,2.8,4.0,2.2,,2.5,12.1,13.0,22.7,22.8,7.2,25,14.8,8.2,
"Pea protein isolate, yellow ",Legumes & oilseeds,23,,,,,,,,,,,,,,,,,,,,,,,,,,,,,,,,,,,,,,,,"AA composition data not given, only DIAAS values for older children, adolescents and adults reported. "
Casein ,Milk products,23,,,,,,,,,,,,,,,,,,,,,,,,,,,,,,,,,,,,,,,,"AA composition data not given, only DIAAS values for older children, adolescents and adults reported. "
"Beef, lean (80%)",Animal products,24,,,240.4,2.5,9.2,10.2,17.3,17.9,5.4,2.3,9.3,8,11.5,15,6.5,,,,2.4,8.2,9.6,16.3,17.2,5.2,1.4,8.6,7.4,10.6,6.1,,9.9,34.0,39.8,67.8,71.7,27.5,67,44.1,25.2,
"Beef, lean (93%)",Animal products,24,,,276.1,3.3,11.9,13.4,22,23.2,7.2,2.9,11.4,10.1,13.8,17.4,8.5,,,,3.3,11.1,12.8,21.2,22.7,7.0,2.1,10.8,6.6,13.1,8.2,,12.0,40.3,46.4,76.7,82.1,33.0,63,47.6,29.6,
Pork,Animal products,24,,,196.2,2.3,8.3,9,14.8,15.5,4.9,1.9,7.8,7.1,9.7,12.9,6.2,,,,2.3,7.9,8.7,14.3,15.3,4.8,1.5,7.5,6.7,9.3,6.1,,11.7,40.2,44.2,73.0,77.9,31.9,73,47.5,30.9,
Impossible burger ,Plant based ,24,,,181,2.3,6.8,8.7,13.5,10.2,1.9,3.5,9.3,6.8,9.4,11.1,4.2,,,,2.3,6.1,8.2,12.7,9.8,1.8,2.7,8.8,6.5,8.8,4.0,,12.6,33.9,45.2,70.0,54.0,24.8,85,48.6,22.2,
Beyond burger,Plant based ,24,,,202.2,1.8,7.5,10,16.9,13.6,2.6,2.7,11.6,7.8,11.2,16.3,5,,,,1.8,6.4,9.0,15.2,12.8,2.2,1.7,10.6,7.1,10.0,4.5,,8.7,31.8,44.6,75.2,63.4,19.3,88,49.2,22.2,
Burger bun ,Cereals & cereal products ,24,,,121,1.3,3.2,4.5,7.8,2.8,1.8,2.5,5.9,3.3,5,4.2,2.4,,,,1.2,2.8,4.1,7.3,1.8,1.7,2.3,5.6,3.0,4.5,2.2,,10.2,23.4,34.0,60.1,14.8,32.8,70,37.3,18.3,
"Beef, lean (80%) + burger bun",Mixed food (animal + cereal product),24,,,,,,,,,,,,,,,,,,,,,,,,,,,,,,,,,,,,,,,,"AA composition data not given, only DIAAS values reported"
Pork + burger bun,Mixed food (animal + cereal product),24,,,,,,,,,,,,,,,,,,,,,,,,,,,,,,,,,,,,,,,,"AA composition data not given, only DIAAS values reported"
Impossible burger + burger bun,Mixed food (plant based),24,,,,,,,,,,,,,,,,,,,,,,,,,,,,,,,,,,,,,,,,"AA composition data not given, only DIAAS values reported"
Millet,Cereals & cereal products ,25,,,,,,,,,,,,,,,,,,,,,,,,,,,,,,,,,,,,,,,,Data reported not sufficuent to calculate protein and AA composition of ingredients 
Adlay (Chinese pearl barley),Cereals & cereal products ,25,,,,,,,,,,,,,,,,,,,,,,,,,,,,,,,,,,,,,,,,Data reported not sufficuent to calculate protein and AA composition of ingredients 
Mung bean (32%) + millet (68%),Mixed food (cereal + legume),25,,,,,,,,,,,,,,,,,,,,,,,,,,,,,,,,,,,,,,,,Data reported not sufficuent to calculate protein and AA composition of ingredients 
Adzuki bean (40%)+ adlay (Chinese pearl barley) (60%),Mixed food (cereal + legume),25,,,,,,,,,,,,,,,,,,,,,,,,,,,,,,,,,,,,,,,,Data reported not sufficuent to calculate protein and AA composition of ingredients 
Cornflakes (Kelloggs company),Cereals & cereal products ,26,,,58.5,0.3,1.9,2.4,9.2,0.7,1.1,1.1,3.4,2.6,2.8,1.5,1.7,,,,0.3,1.8,2.2,8.9,0.5,1.1,1.0,3.2,2.5,2.6,1.5,,4.7,30.2,37.9,152.4,9.3,35.8,97,45.1,25.5,
Quick Oats,Cereals & cereal products ,26,,,166.3,1.8,5.1,6.3,11.9,6.5,2.6,5,8.6,5.6,8.3,10.6,3.6,,,,1.5,4.3,5.5,10.5,5.4,2.3,4.5,7.6,4.9,7.1,3.2,,9.2,26.0,32.8,63.0,32.3,40.8,75,42.9,18.9,
"milk, dried, non fat",Animal products,26,,,343,5,14.4,18.6,33.8,28.1,8.6,2.9,17.1,16.6,22,11.8,9.7,,,,4.8,13.8,17.7,33.3,27.1,8.5,2.9,17.0,16.4,21.3,9.6,,14.1,40.1,51.7,97.2,78.9,33.1,97,62.0,28.1,
Cornflakes + dry milk (ratio of mix 2.6:1),Mixed food (cereal + animal product),26,,,,,,,,,,,,,,,,,,,,,,,,,,,,,,,,,,,,,,,,AA composition data not reported 
Quick oats + dry milk (ratio  of mix 2.4:1),Mixed food (cereal + animal product),26,,,,,,,,,,,,,,,,,,,,,,,,,,,,,,,,,,,,,,,,AA composition data not reported 
Pinto bean (served with corn tortilla and guacamole),Pinto bean (served with corn tortilla and guacamole),27,,,,,,,,,,,,,,,,,,,,,,,,,,,,,,,,32.0,33.3,74.3,52.9,19.1,55,38.9,,Only digestible AA reported in full
"Salami (fully coked, cured and fermented), includes pok and pork hearts","Salami (fully coked, cured and fermented), includes pok and pork hearts",28,,,170.8,2,6.9,7.9,13,13.4,3.3,2,6.7,6.2,8.6,10.4,5.6,,,,1.9,6.6,7.6,12.5,12.9,3.2,1.8,6.4,5.9,8.2,5.3,,11.3,38.8,44.2,73.2,75.6,29.2,72,48.2,31.2,
"Bologna (fully cooked and cured), includes pork and beef","Bologna (fully cooked and cured), includes pork and beef",28,,,119.3,1.8,5.4,6,9.7,10.3,2.6,1.5,5.1,4.9,6.5,7.9,4.6,,,,1.8,5.1,5.8,9.4,10.0,2.5,1.4,4.9,4.7,6.2,4.5,,14.8,43.0,48.5,78.6,83.6,32.4,81,52.1,37.4,
Beef jerky ,Beef jerky ,28,,,488.6,6.7,21.5,25.4,40.3,43.5,9,5.3,20.4,20.6,25.6,30.4,19.5,,,,6.5,20.7,24.6,39.2,41.9,8.7,4.8,19.7,20.0,24.7,18.7,,13.3,42.3,50.3,80.2,85.8,27.6,81,50.5,38.2,
"Beef, ground, raw","Beef, ground, raw",28,,,181.1,1.7,7.5,8.4,13.6,15,4.5,2,7.3,6.6,9,12.6,5.7,,,,1.7,7.4,8.2,13.4,14.8,4.4,1.9,7.2,6.5,8.8,5.6,,9.2,40.9,45.3,74.0,81.5,34.9,76,48.4,31.1,
"Beef, ground, cooked","Beef, ground, cooked",28,,,305.6,3.1,10.3,11.6,19.1,21,6,2.5,10.1,9.7,12.7,16.8,7.7,,,,3.0,9.9,11.2,18.5,20.2,5.8,2.2,9.7,9.4,12.3,7.4,,9.9,32.6,36.6,60.6,66.1,26.2,63,40.1,24.3,
"ribeye roast, medium rare (cooked to 56oC)","ribeye roast, medium rare (cooked to 56oC)",28,,,244,2.8,9.5,10.8,17.4,19.4,5.5,2.4,9,9.3,11.2,14.1,7.5,,,,2.7,9.2,10.5,17.0,19.0,5.4,2.2,8.7,9.1,10.9,7.3,,11.1,37.6,42.9,69.7,77.7,30.8,73,44.5,29.9,
"ribeye roast, medium (cooked to 64oC)","ribeye roast, medium (cooked to 64oC)",28,,,264.2,3.3,12.2,14.1,22.4,24.7,7.4,3.1,11.5,11.4,14.5,17.6,9.3,,,,3.1,11.5,13.5,21.5,23.7,7.1,2.7,11.0,11.0,13.7,8.9,,11.8,43.5,51.2,81.5,89.8,37.4,83,52.0,33.8,
"ribeye roast, well-done (ccoked to 72oC)","ribeye roast, well-done (ccoked to 72oC)",28,,,262.7,2.6,9.6,11.1,17.6,19.5,5.6,2.5,9.2,9.3,11.6,14.2,7.4,,,,2.5,9.3,10.7,17.1,18.9,5.4,2.2,8.9,9.1,11.2,7.1,,9.7,35.3,40.8,65.1,71.8,29.2,68,42.6,27.1,
"pork belly, raw","pork belly, raw",29,,,164.6,1.6,7.3,7.7,12.5,14.1,4.2,1.9,6.6,7.1,8,10.9,5.9,,,,1.6,7.1,7.5,12.3,13.9,4.1,1.8,6.4,7.0,7.8,5.8,,9.6,43.4,45.8,74.4,84.4,35.7,81,47.1,35.3,
"Bacon, smoked","Bacon, smoked",29,,,191.5,2.4,8.3,8.8,14.5,16.1,3.9,2.1,7.6,8.1,9.4,12,7.6,,,,2.3,8.0,8.5,14.0,15.6,3.8,1.9,7.5,7.8,9.0,7.3,,12.2,41.5,44.4,73.3,81.7,29.6,80,46.8,38.4,
"Bacon, smoked, cooked","Bacon, smoked, cooked",29,,,341.3,3.8,17.6,18.7,31,33.6,8,4.5,16.4,16.5,20.3,26.3,15.1,,,,3.6,16.9,18.0,29.9,32.5,7.8,4.0,15.7,15.8,19.4,14.3,,10.7,49.4,52.7,87.7,95.2,34.4,92,56.7,41.9,
"Ham, non-cured","Ham, non-cured",29,,,345.2,4.6,16.4,17.9,29.3,32.4,10,3.9,15.1,16.6,18.4,23.1,13.8,,,,4.2,15.2,16.8,27.8,31.0,9.6,3.0,14.2,15.7,17.0,12.9,,12.3,44.1,48.7,80.5,89.8,36.5,87,49.4,37.3,
"Ham, cured with celery/salt (no nitrite)","Ham, cured with celery/salt (no nitrite)",29,,,241.7,3.4,11.7,13,21.2,23.2,6.3,2.9,10.9,12.1,13.4,16.6,10.5,,,,3.2,11.3,12.5,20.5,22.5,6.1,2.6,10.5,11.6,12.8,10.0,,13.2,46.6,51.8,85.0,93.2,36.0,91,52.9,41.3,
"Ham, cured ","Ham, cured ",29,,,237.9,3.1,10.9,12.1,19.7,21.7,5.6,2.8,10.1,11.5,12.4,15.4,10,,,,2.9,10.5,11.7,19.2,21.2,5.5,2.5,9.8,11.1,11.9,9.6,,12.4,44.3,49.4,80.7,89.2,33.5,88,50.1,40.3,
"pork loin, medium (cooked to 63oC)","pork loin, medium (cooked to 63oC)",29,,,255.8,4,13.4,14.7,23.9,26.5,8,3.3,12.2,13.9,15,18.9,11.7,,,,3.8,12.8,14.1,23.1,25.8,7.8,2.8,11.7,13.4,14.2,11.2,,14.8,50.0,55.1,90.2,100.9,41.4,98,55.6,43.7,
"pork loin, medium-well (cooked to 68oC)","pork loin, medium-well (cooked to 68oC)",29,,,308.6,4,13.6,15,24.2,26.9,8.3,3.3,12.5,14.5,15.3,19.4,12.5,,,,3.8,13.0,14.4,23.3,26.2,8.1,2.8,12.0,14.0,14.5,12.0,,12.4,42.1,46.5,75.5,84.8,35.2,84,47.0,39.0,
"pork loin, well-done (cooked to 72oC)","pork loin, well-done (cooked to 72oC)",29,,,333,4.4,14.8,16.3,26.4,29.4,8.9,3.5,13.4,15.2,16.5,20.9,12.7,,,,4.2,14.1,15.6,25.5,28.6,8.6,3.0,12.8,14.7,15.7,12.2,,12.6,42.4,47.0,76.5,86.0,35.0,83,47.0,36.6,
"Chickpea, extruded","Chickpea, extruded",30,,,241.1,,10.6,9.7,14.5,14.4,1.4,,11.5,4,9.7,,,,,,,8.8,8.9,13.4,11.4,1.1,0.0,11.5,3.5,8.7,0.0,,,36.6,36.7,55.6,47.3,4.8,62,36.0,,
"Yellow pea, extruded ","Yellow pea, extruded ",30,,,230,,10.3,9.5,14.5,15,1.1,,9.3,4,10.4,,,,,,,8.3,8.6,13.6,11.3,0.9,0.0,9.3,3.5,9.3,0.0,,,36.1,37.4,59.3,48.9,3.8,56,40.5,,
"Black soldier fly larvae meal, defatted","Black soldier fly larvae meal, defatted",31,,,425,,12.5,16.8,26,18.7,7.5,2.1,16.5,,21.8,17.1,11.2,,,,,10.9,14.6,22.7,16.2,6.8,1.8,15.7,0.0,18.1,9.0,,,25.6,34.5,53.3,38.2,20.2,37,42.7,21.3,
"Black soldier fly larvae meal, full fat","Black soldier fly larvae meal, full fat",31,,,408,,10.5,12.9,19.9,16.3,7.7,3.9,11.5,,17.6,13.7,7.9,,,,,9.1,11.6,18.0,14.5,6.1,3.2,11.2,0.0,15.6,6.7,,,22.3,28.3,44.2,35.6,22.9,28,38.1,16.3,
"Corn/maize, yellow dent,  raw","Corn/maize, yellow dent,  raw",32,,,78,0.6,2.8,2.6,8.6,2.5,1.8,1.6,3.5,,3.6,3.6,2.1,,,,0.4,1.9,1.9,7.0,1.7,1.5,1.2,2.8,0.0,2.6,1.7,,4.7,23.8,24.5,89.7,21.6,34.9,36,33.9,21.4,
"Corn/maize, yellow dent, extruded","Corn/maize, yellow dent, extruded",32,,,76,0.6,2.7,2.5,8.4,2.5,1.6,1.6,3.7,,3.5,3.7,2.1,,,,0.5,2.2,2.2,7.7,2.1,1.5,1.4,3.3,0.0,3.0,1.9,,6.2,29.6,29.0,101.4,27.9,37.8,44,40.1,24.6,
"Wheat, hard red winter, raw","Wheat, hard red winter, raw",32,,,133.1,1.6,3.7,4.5,8.5,3.6,2.1,3,6,,5.6,6.3,3,,,,1.3,2.9,3.8,7.2,2.7,1.8,2.6,5.2,0.0,4.6,2.6,,9.7,21.5,28.3,54.2,20.2,33.4,39,34.3,19.4,
"Wheat, hard red winter, extruded","Wheat, hard red winter, extruded",32,,,134.4,1.6,3.7,4.5,8.5,3.7,2,2.9,6,,5.5,6.4,3,,,,1.4,3.1,4.0,7.5,2.9,1.8,2.6,5.4,0.0,4.7,2.6,,10.1,23.2,29.5,56.2,21.9,32.6,40,35.1,19.5,
"Sorghum, 1.6g/kg tannin, raw","Sorghum, 1.6g/kg tannin, raw",32,,,94.9,1,2.9,3.5,12,2,1.6,1.7,4.5,,4.5,3.4,2,,,,0.8,2.2,2.8,10.0,1.4,1.3,1.3,3.7,0.0,3.6,1.5,,8.1,22.7,29.2,105.7,14.5,27.7,39,37.4,16.1,
"Sorghum, 1.5g/kg tannin, extruded ","Sorghum, 1.5g/kg tannin, extruded ",32,,,92.7,0.9,2.6,3.1,10,1.9,1.4,1.5,4.2,,4,3.1,1.8,,,,0.7,2.0,2.5,8.5,1.5,1.2,1.1,3.6,0.0,3.2,1.4,,7.5,21.7,27.4,91.8,15.9,25.1,38,34.8,14.8,
,,,,,,,,,,,,,,,,,,,,,,,,,,,,,,,,,,,,,,,,,,
,,,,,,,,,,,,,,,,,,,,,,,,,,,,,,,,,,,,,,,,,,
,,,,,,,,,,,,,,,,,,,,,,,,,,,,,,,,,,,,,,,,,,
,,,,,,,,,,,,,,,,,,,,,,,,,,,,,,,,,,,,,,,,,,
,,,,,,,,,,,,,,,,,,,,,,,,,,,,,,,,,,,,,,,,,,
,,,,,,,,,,,,,,,,,,,,,,,,,,,,,,,,,,,,,,,,,,
,,,,,,,,,,,,,,,,,,,,,,,,,,,,,,,,,,,,,,,,,,
,,,,,,,,,,,,,,,,,,,,,,,,,,,,,,,,,,,,,,,,,,
,,,,,,,,,,,,,,,,,,,,,,,,,,,,,,,,,,,,,,,,,,
,,,,,,,,,,,,,,,,,,,,,,,,,,,,,,,,,,,,,,,,,,
,,,,,,,,,,,,,,,,,,,,,,,,,,,,,,,,,,,,,,,,,,
,,,,,,,,,,,,,,,,,,,,,,,,,,,,,,,,,,,,,,,,,,
,,,,,,,,,,,,,,,,,,,,,,,,,,,,,,,,,,,,,,,,,,
,,,,,,,,,,,,,,,,,,,,,,,,,,,,,,,,,,,,,,,,,,
,,,,,,,,,,,,,,,,,,,,,,,,,,,,,,,,,,,,,,,,,,
,,,,,,,,,,,,,,,,,,,,,,,,,,,,,,,,,,,,,,,,,,
,,,,,,,,,,,,,,,,,,,,,,,,,,,,,,,,,,,,,,,,,,
,,,,,,,,,,,,,,,,,,,,,,,,,,,,,,,,,,,,,,,,,,
,,,,,,,,,,,,,,,,,,,,,,,,,,,,,,,,,,,,,,,,,,
,,,,,,,,,,,,,,,,,,,,,,,,,,,,,,,,,,,,,,,,,,
,,,,,,,,,,,,,,,,,,,,,,,,,,,,,,,,,,,,,,,,,,
,,,,,,,,,,,,,,,,,,,,,,,,,,,,,,,,,,,,,,,,,,
,,,,,,,,,,,,,,,,,,,,,,,,,,,,,,,,,,,,,,,,,,
,,,,,,,,,,,,,,,,,,,,,,,,,,,,,,,,,,,,,,,,,,
,,,,,,,,,,,,,,,,,,,,,,,,,,,,,,,,,,,,,,,,,,
,,,,,,,,,,,,,,,,,,,,,,,,,,,,,,,,,,,,,,,,,,
,,,,,,,,,,,,,,,,,,,,,,,,,,,,,,,,,,,,,,,,,,
,,,,,,,,,,,,,,,,,,,,,,,,,,,,,,,,,,,,,,,,,,
,,,,,,,,,,,,,,,,,,,,,,,,,,,,,,,,,,,,,,,,,,
,,,,,,,,,,,,,,,,,,,,,,,,,,,,,,,,,,,,,,,,,,
,,,,,,,,,,,,,,,,,,,,,,,,,,,,,,,,,,,,,,,,,,
,,,,,,,,,,,,,,,,,,,,,,,,,,,,,,,,,,,,,,,,,,
,,,,,,,,,,,,,,,,,,,,,,,,,,,,,,,,,,,,,,,,,,
,,,,,,,,,,,,,,,,,,,,,,,,,,,,,,,,,,,,,,,,,,
,,,,,,,,,,,,,,,,,,,,,,,,,,,,,,,,,,,,,,,,,,
,,,,,,,,,,,,,,,,,,,,,,,,,,,,,,,,,,,,,,,,,,
,,,,,,,,,,,,,,,,,,,,,,,,,,,,,,,,,,,,,,,,,,
,,,,,,,,,,,,,,,,,,,,,,,,,,,,,,,,,,,,,,,,,,
,,,,,,,,,,,,,,,,,,,,,,,,,,,,,,,,,,,,,,,,,,
,,,,,,,,,,,,,,,,,,,,,,,,,,,,,,,,,,,,,,,,,,
,,,,,,,,,,,,,,,,,,,,,,,,,,,,,,,,,,,,,,,,,,
,,,,,,,,,,,,,,,,,,,,,,,,,,,,,,,,,,,,,,,,,,
,,,,,,,,,,,,,,,,,,,,,,,,,,,,,,,,,,,,,,,,,,
,,,,,,,,,,,,,,,,,,,,,,,,,,,,,,,,,,,,,,,,,,
,,,,,,,,,,,,,,,,,,,,,,,,,,,,,,,,,,,,,,,,,,
,,,,,,,,,,,,,,,,,,,,,,,,,,,,,,,,,,,,,,,,,,
,,,,,,,,,,,,,,,,,,,,,,,,,,,,,,,,,,,,,,,,,,
,,,,,,,,,,,,,,,,,,,,,,,,,,,,,,,,,,,,,,,,,,
,,,,,,,,,,,,,,,,,,,,,,,,,,,,,,,,,,,,,,,,,,
,,,,,,,,,,,,,,,,,,,,,,,,,,,,,,,,,,,,,,,,,,
,,,,,,,,,,,,,,,,,,,,,,,,,,,,,,,,,,,,,,,,,,
,,,,,,,,,,,,,,,,,,,,,,,,,,,,,,,,,,,,,,,,,,
